run	gse	tissue	jclass	support	n_junctions	canonical_rate
SRR14808743	GSE178175	Cortex	known	all	47889	0.9590720207145691
SRR14808743	GSE178175	Cortex	known	ge2mol	44763	0.9824185152916471
SRR14808743	GSE178175	Cortex	known	ge5mol	41566	0.9885002165231198
SRR14808743	GSE178175	Cortex	novel	all	407520	0.6901428150765606
SRR14808743	GSE178175	Cortex	novel	ge2mol	168218	0.9214471697440226
SRR14808743	GSE178175	Cortex	novel	ge5mol	105614	0.9726835457420417
SRR14808745	GSE178175	Cortex	known	all	70068	0.9335074499058058
SRR14808745	GSE178175	Cortex	known	ge2mol	64414	0.971947092247027
SRR14808745	GSE178175	Cortex	known	ge5mol	60014	0.9841870230279601
SRR14808745	GSE178175	Cortex	novel	all	762339	0.5732436619404229
SRR14808745	GSE178175	Cortex	novel	ge2mol	246526	0.8299489708996212
SRR14808745	GSE178175	Cortex	novel	ge5mol	131359	0.9417093613684635
SRR14808746	GSE178175	Cortex	known	all	52731	0.9484553678102066
SRR14808746	GSE178175	Cortex	known	ge2mol	48822	0.9792921224038343
SRR14808746	GSE178175	Cortex	known	ge5mol	45193	0.9871661540504061
SRR14808746	GSE178175	Cortex	novel	all	496289	0.6513583819105401
SRR14808746	GSE178175	Cortex	novel	ge2mol	184237	0.9012739026362783
SRR14808746	GSE178175	Cortex	novel	ge5mol	109537	0.9670796169330911
SRR30639545	GSE276974	CCUS marrow	known	all	115581	0.8445678788036096
SRR30639545	GSE276974	CCUS marrow	known	ge2mol	97624	0.9285421617635008
SRR30639545	GSE276974	CCUS marrow	known	ge5mol	86198	0.9639202765725423
SRR30639545	GSE276974	CCUS marrow	novel	all	1143306	0.5149951106702843
SRR30639545	GSE276974	CCUS marrow	novel	ge2mol	324186	0.7292511089312925
SRR30639545	GSE276974	CCUS marrow	novel	ge5mol	130984	0.8602424723630367
SRR30639548	GSE276974	CCUS marrow	known	all	138551	0.8357283599540963
SRR30639548	GSE276974	CCUS marrow	known	ge2mol	116863	0.9198976579413501
SRR30639548	GSE276974	CCUS marrow	known	ge5mol	103553	0.9559259509623091
SRR30639548	GSE276974	CCUS marrow	novel	all	1584353	0.5084018523649717
SRR30639548	GSE276974	CCUS marrow	novel	ge2mol	426174	0.7189739402215997
SRR30639548	GSE276974	CCUS marrow	novel	ge5mol	172868	0.8401959876900293
SRR30639550	GSE276974	CCUS marrow	known	all	4980	0.8600401606425703
SRR30639550	GSE276974	CCUS marrow	known	ge2mol	3948	0.9369300911854104
SRR30639550	GSE276974	CCUS marrow	known	ge5mol	3332	0.9663865546218487
SRR30639550	GSE276974	CCUS marrow	novel	all	35276	0.5390917337566618
SRR30639550	GSE276974	CCUS marrow	novel	ge2mol	9501	0.7483422797600252
SRR30639550	GSE276974	CCUS marrow	novel	ge5mol	3437	0.90020366598778
SRR30639551	GSE276974	CCUS marrow	known	all	49915	0.8625463287588901
SRR30639551	GSE276974	CCUS marrow	known	ge2mol	41970	0.9395044079104122
SRR30639551	GSE276974	CCUS marrow	known	ge5mol	36793	0.9679558611692441
SRR30639551	GSE276974	CCUS marrow	novel	all	375961	0.5617444362580162
SRR30639551	GSE276974	CCUS marrow	novel	ge2mol	111458	0.7804015862477346
SRR30639551	GSE276974	CCUS marrow	novel	ge5mol	45038	0.9038145565966517
SRR30639552	GSE276974	CCUS marrow	known	all	127450	0.8183836798744606
SRR30639552	GSE276974	CCUS marrow	known	ge2mol	104588	0.9187382873752247
SRR30639552	GSE276974	CCUS marrow	known	ge5mol	91178	0.9601767970343723
SRR30639552	GSE276974	CCUS marrow	novel	all	1074030	0.5179166317514409
SRR30639552	GSE276974	CCUS marrow	novel	ge2mol	319047	0.7249339439016822
SRR30639552	GSE276974	CCUS marrow	novel	ge5mol	117732	0.8715557367580606
SRR30639553	GSE276974	CCUS marrow	known	all	121003	0.8471773427105113
SRR30639553	GSE276974	CCUS marrow	known	ge2mol	101428	0.9332137082462436
SRR30639553	GSE276974	CCUS marrow	known	ge5mol	89319	0.9667483961978974
SRR30639553	GSE276974	CCUS marrow	novel	all	973042	0.542159536792862
SRR30639553	GSE276974	CCUS marrow	novel	ge2mol	285519	0.7587656162987402
SRR30639553	GSE276974	CCUS marrow	novel	ge5mol	112845	0.8865877974212415
SRR30639554	GSE276974	CCUS marrow	known	all	117624	0.860249608923349
SRR30639554	GSE276974	CCUS marrow	known	ge2mol	100410	0.9374763469773927
SRR30639554	GSE276974	CCUS marrow	known	ge5mol	89160	0.9680574248541947
SRR30639554	GSE276974	CCUS marrow	novel	all	1087427	0.5253658406495333
SRR30639554	GSE276974	CCUS marrow	novel	ge2mol	304538	0.7420387603517459
SRR30639554	GSE276974	CCUS marrow	novel	ge5mol	115868	0.8776279904719163
SRR30639556	GSE276974	CCUS marrow	known	all	124024	0.8485696316841902
SRR30639556	GSE276974	CCUS marrow	known	ge2mol	104792	0.9314260630582487
SRR30639556	GSE276974	CCUS marrow	known	ge5mol	92651	0.965224336488543
SRR30639556	GSE276974	CCUS marrow	novel	all	1204229	0.5118602857097778
SRR30639556	GSE276974	CCUS marrow	novel	ge2mol	329813	0.7262964164541725
SRR30639556	GSE276974	CCUS marrow	novel	ge5mol	123165	0.8662850647505379
SRR32154422	GSE288222	Heart	known	all	50709	0.9106864659133487
SRR32154422	GSE288222	Heart	known	ge2mol	44868	0.9552910760452884
SRR32154422	GSE288222	Heart	known	ge5mol	38785	0.9756606935671007
SRR32154422	GSE288222	Heart	novel	all	571382	0.550869645876139
SRR32154422	GSE288222	Heart	novel	ge2mol	162419	0.8134947266021832
SRR32154422	GSE288222	Heart	novel	ge5mol	78691	0.9165088764915937
SRR32154423	GSE288222	Heart	known	all	53275	0.9055654622243078
SRR32154423	GSE288222	Heart	known	ge2mol	46870	0.953680392575208
SRR32154423	GSE288222	Heart	known	ge5mol	40539	0.9755790720047361
SRR32154423	GSE288222	Heart	novel	all	546001	0.5482041241682708
SRR32154423	GSE288222	Heart	novel	ge2mol	156500	0.8029712460063898
SRR32154423	GSE288222	Heart	novel	ge5mol	73504	0.9101545494122769
SRR32154424	GSE288222	Heart	known	all	61268	0.9035222302017366
SRR32154424	GSE288222	Heart	known	ge2mol	53930	0.9572779529019099
SRR32154424	GSE288222	Heart	known	ge5mol	47197	0.9768841239909316
SRR32154424	GSE288222	Heart	novel	all	498858	0.5556470979717675
SRR32154424	GSE288222	Heart	novel	ge2mol	158288	0.7986076013342768
SRR32154424	GSE288222	Heart	novel	ge5mol	70964	0.9205230821261484
SRR32154425	GSE288222	Heart	known	all	63327	0.9158494796848106
SRR32154425	GSE288222	Heart	known	ge2mol	56527	0.9593468607921878
SRR32154425	GSE288222	Heart	known	ge5mol	49964	0.9778440477143543
SRR32154425	GSE288222	Heart	novel	all	570126	0.5649189828213412
SRR32154425	GSE288222	Heart	novel	ge2mol	170227	0.8190240091172376
SRR32154425	GSE288222	Heart	novel	ge5mol	83121	0.9189254219751928
SRR32154426	GSE288222	Heart	known	all	50258	0.9307970870309205
SRR32154426	GSE288222	Heart	known	ge2mol	45052	0.9675264139216905
SRR32154426	GSE288222	Heart	known	ge5mol	39399	0.9826645346328587
SRR32154426	GSE288222	Heart	novel	all	425017	0.6042864167786229
SRR32154426	GSE288222	Heart	novel	ge2mol	135681	0.8639824293747835
SRR32154426	GSE288222	Heart	novel	ge5mol	66212	0.9425632815803782
SRR32154427	GSE288222	Heart	known	all	60183	0.9066513799577954
SRR32154427	GSE288222	Heart	known	ge2mol	53180	0.9548514479127491
SRR32154427	GSE288222	Heart	known	ge5mol	46644	0.974787754051968
SRR32154427	GSE288222	Heart	novel	all	586409	0.5353908279033917
SRR32154427	GSE288222	Heart	novel	ge2mol	167124	0.7852911610540676
SRR32154427	GSE288222	Heart	novel	ge5mol	77186	0.9022361568160029
SRR32154428	GSE288222	Heart	known	all	50920	0.9362136684996072
SRR32154428	GSE288222	Heart	known	ge2mol	45929	0.9704979424764311
SRR32154428	GSE288222	Heart	known	ge5mol	40729	0.9832060693854502
SRR32154428	GSE288222	Heart	novel	all	509164	0.5837804715180178
SRR32154428	GSE288222	Heart	novel	ge2mol	151134	0.8700755620839784
SRR32154428	GSE288222	Heart	novel	ge5mol	77382	0.9503114419374015
SRR32154429	GSE288222	Heart	known	all	49204	0.943419234208601
SRR32154429	GSE288222	Heart	known	ge2mol	44670	0.9751511081262593
SRR32154429	GSE288222	Heart	known	ge5mol	40007	0.9853775589271877
SRR32154429	GSE288222	Heart	novel	all	473213	0.5993664586560387
SRR32154429	GSE288222	Heart	novel	ge2mol	146610	0.8823545460746197
SRR32154429	GSE288222	Heart	novel	ge5mol	76938	0.9572512932491096
SRR32154430	GSE288222	Heart	known	all	50845	0.9279575179467008
SRR32154430	GSE288222	Heart	known	ge2mol	45761	0.9669806166823277
SRR32154430	GSE288222	Heart	known	ge5mol	40223	0.9823981304228924
SRR32154430	GSE288222	Heart	novel	all	549259	0.5629639204819584
SRR32154430	GSE288222	Heart	novel	ge2mol	162496	0.8321127904686885
SRR32154430	GSE288222	Heart	novel	ge5mol	78364	0.9373819611045888
SRR32154431	GSE288222	Heart	known	all	42794	0.9470486516801421
SRR32154431	GSE288222	Heart	known	ge2mol	38814	0.976245684546813
SRR32154431	GSE288222	Heart	known	ge5mol	34144	0.9855904404873477
SRR32154431	GSE288222	Heart	novel	all	443203	0.6131253624185757
SRR32154431	GSE288222	Heart	novel	ge2mol	139079	0.8834331566951157
SRR32154431	GSE288222	Heart	novel	ge5mol	71145	0.9546981516620985
SRR32154433	GSE288222	Heart	known	all	10565	0.968007572172267
SRR32154433	GSE288222	Heart	known	ge2mol	8581	0.9875305908402284
SRR32154433	GSE288222	Heart	known	ge5mol	5512	0.9921988388969522
SRR32154433	GSE288222	Heart	novel	all	106444	0.7007064747660742
SRR32154433	GSE288222	Heart	novel	ge2mol	34628	0.9192560933348735
SRR32154433	GSE288222	Heart	novel	ge5mol	9443	0.9826326379328603
SRR35267327	GSE307660	Myeloma marrow	known	all	89990	0.9329036559617735
SRR35267327	GSE307660	Myeloma marrow	known	ge2mol	82189	0.9698134786893623
SRR35267327	GSE307660	Myeloma marrow	known	ge5mol	75296	0.9830801104972375
SRR35267327	GSE307660	Myeloma marrow	novel	all	666128	0.6015045156486442
SRR35267327	GSE307660	Myeloma marrow	novel	ge2mol	198837	0.8432585484592908
SRR35267327	GSE307660	Myeloma marrow	novel	ge5mol	94058	0.9310425482149313
SRR35267329	GSE307660	Myeloma marrow	known	all	112177	0.9009333464079089
SRR35267329	GSE307660	Myeloma marrow	known	ge2mol	100715	0.9500570917936753
SRR35267329	GSE307660	Myeloma marrow	known	ge5mol	91873	0.972396678022923
SRR35267329	GSE307660	Myeloma marrow	novel	all	926010	0.5629215667217417
SRR35267329	GSE307660	Myeloma marrow	novel	ge2mol	247962	0.8055669820375703
SRR35267329	GSE307660	Myeloma marrow	novel	ge5mol	110105	0.9040098088188547
SRR35267331	GSE307660	Myeloma marrow	known	all	119585	0.9162604005519087
SRR35267331	GSE307660	Myeloma marrow	known	ge2mol	107614	0.9642054007842846
SRR35267331	GSE307660	Myeloma marrow	known	ge5mol	98986	0.9810781322611278
SRR35267331	GSE307660	Myeloma marrow	novel	all	940873	0.5720421353360124
SRR35267331	GSE307660	Myeloma marrow	novel	ge2mol	255627	0.8162400685373611
SRR35267331	GSE307660	Myeloma marrow	novel	ge5mol	108868	0.920692949259654
SRR35267333	GSE307660	Myeloma marrow	known	all	91375	0.9302872777017784
SRR35267333	GSE307660	Myeloma marrow	known	ge2mol	83954	0.9668628058222359
SRR35267333	GSE307660	Myeloma marrow	known	ge5mol	77513	0.9815772838104576
SRR35267333	GSE307660	Myeloma marrow	novel	all	741235	0.5816873191363063
SRR35267333	GSE307660	Myeloma marrow	novel	ge2mol	209961	0.8301398831211511
SRR35267333	GSE307660	Myeloma marrow	novel	ge5mol	95774	0.9299601144360683
SRR35267334	GSE307660	Myeloma marrow	known	all	75687	0.9023478272358529
SRR35267334	GSE307660	Myeloma marrow	known	ge2mol	66803	0.9577713575737616
SRR35267334	GSE307660	Myeloma marrow	known	ge5mol	59888	0.9776415976489446
SRR35267334	GSE307660	Myeloma marrow	novel	all	544485	0.6375327143998457
SRR35267334	GSE307660	Myeloma marrow	novel	ge2mol	195306	0.839262490655689
SRR35267334	GSE307660	Myeloma marrow	novel	ge5mol	100638	0.911226375722888
SRR35267335	GSE307660	Myeloma marrow	known	all	77938	0.8557699710025918
SRR35267335	GSE307660	Myeloma marrow	known	ge2mol	64913	0.94007363702186
SRR35267335	GSE307660	Myeloma marrow	known	ge5mol	55896	0.9720910261914985
SRR35267335	GSE307660	Myeloma marrow	novel	all	383978	0.5955419320898593
SRR35267335	GSE307660	Myeloma marrow	novel	ge2mol	142568	0.7898266090567309
SRR35267335	GSE307660	Myeloma marrow	novel	ge5mol	62095	0.8757226829857476
SRR35267336	GSE307660	Myeloma marrow	known	all	79437	0.8794390523307779
SRR35267336	GSE307660	Myeloma marrow	known	ge2mol	67564	0.9533035344266177
SRR35267336	GSE307660	Myeloma marrow	known	ge5mol	59341	0.9784297534588228
SRR35267336	GSE307660	Myeloma marrow	novel	all	382810	0.6093022648311173
SRR35267336	GSE307660	Myeloma marrow	novel	ge2mol	145894	0.8033709405458758
SRR35267336	GSE307660	Myeloma marrow	novel	ge5mol	65114	0.8915901342261265
SRR35267337	GSE307660	Myeloma marrow	known	all	71086	0.8884168471991672
SRR35267337	GSE307660	Myeloma marrow	known	ge2mol	61330	0.9550464699168433
SRR35267337	GSE307660	Myeloma marrow	known	ge5mol	53637	0.9793053302757425
SRR35267337	GSE307660	Myeloma marrow	novel	all	365893	0.6059449073909585
SRR35267337	GSE307660	Myeloma marrow	novel	ge2mol	132527	0.8230624702890732
SRR35267337	GSE307660	Myeloma marrow	novel	ge5mol	57655	0.93615471338132
SRR35267338	GSE307660	Myeloma marrow	known	all	93919	0.9199629467945784
SRR35267338	GSE307660	Myeloma marrow	known	ge2mol	84987	0.9636061985950792
SRR35267338	GSE307660	Myeloma marrow	known	ge5mol	77282	0.9804094096943661
SRR35267338	GSE307660	Myeloma marrow	novel	all	771560	0.6086811135880553
SRR35267338	GSE307660	Myeloma marrow	novel	ge2mol	244873	0.842710302891703
SRR35267338	GSE307660	Myeloma marrow	novel	ge5mol	112793	0.9357761563217576
SRR35267339	GSE307660	Myeloma marrow	known	all	66923	0.9528712101967933
SRR35267339	GSE307660	Myeloma marrow	known	ge2mol	61953	0.9781931464174455
SRR35267339	GSE307660	Myeloma marrow	known	ge5mol	56624	0.9868783554676462
SRR35267339	GSE307660	Myeloma marrow	novel	all	508727	0.6633164742582957
SRR35267339	GSE307660	Myeloma marrow	novel	ge2mol	162658	0.9049539524646805
SRR35267339	GSE307660	Myeloma marrow	novel	ge5mol	86437	0.9632564758147553
SRR35267340	GSE307660	Myeloma marrow	known	all	79045	0.9350749573028022
SRR35267340	GSE307660	Myeloma marrow	known	ge2mol	72017	0.9725759195745449
SRR35267340	GSE307660	Myeloma marrow	known	ge5mol	65591	0.9844795779908829
SRR35267340	GSE307660	Myeloma marrow	novel	all	606492	0.6300132565639778
SRR35267340	GSE307660	Myeloma marrow	novel	ge2mol	193745	0.871692172701231
SRR35267340	GSE307660	Myeloma marrow	novel	ge5mol	94374	0.9514484921694535
