gse	n_reads	n_distinct_chains	n_molecules
GSE307660	1	1	91532087
GSE307660	2	1	45764425
GSE307660	2	2	2654414
GSE307660	3	1	26961566
GSE307660	3	2	2125803
GSE307660	3	3	151331
GSE307660	4	1	15324050
GSE307660	4	2	1518650
GSE307660	4	3	108892
GSE307660	4	4	27465
GSE307660	5	1	8553765
GSE307660	5	2	1016669
GSE307660	5	3	80683
GSE307660	5	4	22516
GSE307660	5	5	6930
GSE307660	6	1	4648599
GSE307660	6	2	642115
GSE307660	6	3	56341
GSE307660	6	4	16181
GSE307660	6	5	5936
GSE307660	6	6	2015
GSE307660	7	1	2499208
GSE307660	7	2	386423
GSE307660	7	3	37332
GSE307660	7	4	11376
GSE307660	7	5	4520
GSE307660	7	6	1816
GSE307660	8	1	1377347
GSE307660	8	2	240546
GSE307660	8	3	27714
GSE307660	8	4	8832
GSE307660	8	5	3528
GSE307660	8	6	1456
GSE307660	8	7	582
GSE307660	9	1	763017
GSE307660	9	2	144777
GSE307660	9	3	18367
GSE307660	9	4	6296
GSE307660	9	5	2720
GSE307660	9	6	1190
GSE307660	9	7	510
GSE307660	10	1	430694
GSE307660	10	2	90137
GSE307660	10	3	13810
GSE307660	10	4	4934
GSE307660	10	5	2103
GSE307660	10	6	931
GSE307660	10	7	430
GSE307660	10	8	217
GSE307660	11	1	247485
GSE307660	11	2	56889
GSE307660	11	3	10500
GSE307660	11	4	3908
GSE307660	11	5	1770
GSE307660	11	6	787
GSE307660	11	7	410
GSE307660	11	8	169
GSE307660	12	1	142948
GSE307660	12	2	36123
GSE307660	12	3	7889
GSE307660	12	4	2984
GSE307660	12	5	1392
GSE307660	12	6	663
GSE307660	13	1	82855
GSE307660	13	2	23448
GSE307660	13	3	6148
GSE307660	13	4	2634
GSE307660	13	5	1139
GSE307660	13	6	621
GSE307660	13	7	301
GSE307660	14	1	49350
GSE307660	14	2	15466
GSE307660	14	3	4892
GSE307660	14	4	2199
GSE307660	14	5	925
GSE307660	14	6	448
GSE307660	14	7	245
GSE307660	15	1	29836
GSE307660	15	2	10485
GSE307660	15	3	3895
GSE307660	15	4	1762
GSE307660	15	5	814
GSE307660	15	6	383
GSE307660	15	7	209
GSE307660	15	9	64
GSE307660	16	1	19050
GSE307660	16	2	7409
GSE307660	16	3	3163
GSE307660	16	4	1488
GSE307660	16	5	659
GSE307660	16	6	343
GSE307660	16	7	189
GSE307660	16	8	95
GSE307660	17	1	12599
GSE307660	17	2	5440
GSE307660	17	3	2682
GSE307660	17	4	1348
GSE307660	17	5	610
GSE307660	17	6	284
GSE307660	17	7	167
GSE307660	17	8	85
GSE307660	18	1	8828
GSE307660	18	2	4124
GSE307660	18	3	2228
GSE307660	18	4	1139
GSE307660	18	5	564
GSE307660	18	6	244
GSE307660	18	7	121
GSE307660	18	8	90
GSE307660	19	1	6458
GSE307660	19	2	3297
GSE307660	19	3	1865
GSE307660	19	4	979
GSE307660	19	5	461
GSE307660	19	6	229
GSE307660	19	7	151
GSE307660	19	8	72
GSE307660	20	1	4778
GSE307660	20	2	2610
GSE307660	20	3	1573
GSE307660	20	4	836
GSE307660	20	5	411
GSE307660	20	6	197
GSE307660	20	7	90
GSE307660	20	8	64
GSE307660	21	1	3603
GSE307660	21	2	2102
GSE307660	21	3	1300
GSE307660	21	4	758
GSE307660	21	5	337
GSE307660	21	6	205
GSE307660	21	7	97
GSE307660	22	1	2828
GSE307660	22	2	1750
GSE307660	22	3	1114
GSE307660	22	4	647
GSE307660	22	5	313
GSE307660	22	6	160
GSE307660	22	7	71
GSE307660	22	8	36
GSE307660	23	1	2174
GSE307660	23	2	1411
GSE307660	23	3	949
GSE307660	23	4	569
GSE307660	23	5	312
GSE307660	23	6	131
GSE307660	23	7	84
GSE307660	23	10	8
GSE307660	24	1	1870
GSE307660	24	2	1196
GSE307660	24	3	767
GSE307660	24	4	518
GSE307660	24	5	279
GSE307660	24	6	112
GSE307660	24	7	48
GSE307660	25	1	1547
GSE307660	25	2	923
GSE307660	25	3	674
GSE307660	25	4	429
GSE307660	25	5	253
GSE307660	25	6	107
GSE307660	25	7	65
GSE307660	25	8	25
GSE307660	26	1	1219
GSE307660	26	2	817
GSE307660	26	3	613
GSE307660	26	4	378
GSE307660	26	5	256
GSE307660	26	6	94
GSE307660	26	7	47
GSE307660	26	8	30
GSE307660	27	1	1030
GSE307660	27	2	683
GSE307660	27	3	555
GSE307660	27	4	347
GSE307660	27	5	205
GSE307660	27	6	95
GSE307660	27	7	38
GSE307660	27	8	29
GSE307660	28	1	823
GSE307660	28	2	621
GSE307660	28	3	418
GSE307660	28	4	355
GSE307660	28	5	196
GSE307660	28	6	85
GSE307660	28	7	51
GSE307660	28	8	14
GSE307660	29	1	701
GSE307660	29	2	522
GSE307660	29	3	353
GSE307660	29	4	291
GSE307660	29	5	167
GSE307660	29	6	91
GSE307660	29	7	47
GSE307660	29	8	18
GSE307660	30	1	594
GSE307660	30	2	439
GSE307660	30	3	316
GSE307660	30	4	256
GSE307660	30	5	166
GSE307660	30	6	77
GSE307660	30	7	43
GSE307660	30	8	19
GSE307660	31	1	500
GSE307660	31	2	391
GSE307660	31	3	286
GSE307660	31	4	213
GSE307660	31	5	157
GSE307660	31	6	80
GSE307660	31	7	47
GSE307660	31	8	23
GSE307660	32	1	401
GSE307660	32	2	342
GSE307660	32	3	240
GSE307660	32	4	234
GSE307660	32	5	125
GSE307660	32	6	79
GSE307660	32	7	34
GSE307660	32	8	21
GSE307660	32	9	12
GSE307660	33	1	378
GSE307660	33	2	303
GSE307660	33	3	205
GSE307660	33	4	196
GSE307660	33	5	119
GSE307660	33	6	73
GSE307660	33	7	37
GSE307660	33	8	18
GSE307660	34	1	285
GSE307660	34	2	274
GSE307660	34	3	208
GSE307660	34	4	143
GSE307660	34	5	109
GSE307660	34	6	53
GSE307660	34	7	33
GSE307660	34	8	9
GSE307660	34	9	10
GSE307660	35	1	236
GSE307660	35	2	209
GSE307660	35	3	164
GSE307660	35	4	122
GSE307660	35	5	80
GSE307660	35	6	63
GSE307660	35	7	34
GSE307660	35	8	19
GSE307660	35	10	5
GSE307660	36	1	218
GSE307660	36	2	204
GSE307660	36	3	152
GSE307660	36	4	137
GSE307660	36	5	98
GSE307660	36	6	43
GSE307660	36	7	26
GSE307660	36	8	18
GSE307660	37	1	190
GSE307660	37	2	169
GSE307660	37	3	156
GSE307660	37	4	133
GSE307660	37	5	93
GSE307660	37	6	45
GSE307660	37	7	22
GSE307660	37	8	11
GSE307660	38	1	196
GSE307660	38	2	160
GSE307660	38	3	121
GSE307660	38	4	111
GSE307660	38	5	69
GSE307660	38	6	53
GSE307660	38	7	33
GSE307660	38	8	11
GSE307660	38	9	7
GSE307660	39	1	142
GSE307660	39	2	146
GSE307660	39	3	98
GSE307660	39	4	74
GSE307660	39	5	55
GSE307660	39	6	45
GSE307660	39	7	23
GSE307660	39	8	14
GSE307660	39	9	5
GSE307660	40	2	122
GSE307660	40	3	84
GSE307660	40	4	77
GSE307660	40	5	62
GSE307660	40	6	36
GSE307660	40	7	26
GSE307660	40	8	9
GSE307660	40	9	5
GSE307660	41	1	99
GSE307660	41	2	100
GSE307660	41	3	67
GSE307660	41	4	74
GSE307660	41	5	64
GSE307660	41	6	36
GSE307660	41	7	23
GSE307660	41	8	11
GSE307660	41	9	5
GSE307660	42	1	101
GSE307660	42	2	105
GSE307660	42	3	84
GSE307660	42	4	66
GSE307660	42	5	59
GSE307660	42	6	42
GSE307660	42	7	16
GSE307660	42	8	6
GSE307660	42	9	10
GSE307660	43	1	77
GSE307660	43	2	98
GSE307660	43	3	70
GSE307660	43	4	64
GSE307660	43	5	62
GSE307660	43	6	35
GSE307660	43	7	17
GSE307660	43	8	11
GSE307660	43	9	9
GSE307660	44	2	80
GSE307660	44	3	50
GSE307660	44	4	51
GSE307660	44	5	48
GSE307660	44	6	28
GSE307660	44	7	13
GSE307660	44	8	6
GSE307660	44	9	6
GSE307660	45	2	77
GSE307660	45	3	42
GSE307660	45	4	50
GSE307660	45	5	26
GSE307660	45	6	35
GSE307660	45	7	15
GSE307660	45	8	10
GSE307660	45	9	5
GSE307660	46	1	64
GSE307660	46	2	75
GSE307660	46	3	41
GSE307660	46	4	45
GSE307660	46	5	30
GSE307660	46	6	29
GSE307660	46	7	14
GSE307660	46	8	6
GSE307660	46	9	7
GSE307660	47	2	50
GSE307660	47	3	49
GSE307660	47	4	29
GSE307660	47	5	38
GSE307660	47	6	30
GSE307660	47	7	13
GSE307660	47	8	8
GSE307660	47	9	10
GSE307660	47	10	2
GSE307660	48	2	39
GSE307660	48	3	43
GSE307660	48	4	34
GSE307660	48	5	30
GSE307660	48	6	14
GSE307660	48	7	15
GSE307660	48	8	5
GSE307660	48	9	6
GSE307660	48	10	3
GSE307660	49	1	40
GSE307660	49	2	52
GSE307660	49	3	46
GSE307660	49	4	32
GSE307660	49	5	19
GSE307660	49	6	17
GSE307660	49	7	15
GSE307660	49	8	13
GSE307660	49	10	4
GSE307660	50	2	39
GSE307660	50	3	25
GSE307660	50	4	29
GSE307660	50	5	28
GSE307660	50	6	21
GSE307660	50	7	9
GSE307660	50	8	8
GSE307660	50	9	4
GSE307660	51	2	40
GSE307660	51	3	36
GSE307660	51	4	18
GSE307660	51	5	25
GSE307660	51	6	18
GSE307660	51	7	17
GSE307660	51	8	9
GSE307660	52	2	34
GSE307660	52	3	33
GSE307660	52	4	24
GSE307660	52	5	21
GSE307660	52	6	17
GSE307660	52	7	9
GSE307660	52	8	14
GSE307660	53	2	22
GSE307660	53	3	22
GSE307660	53	4	25
GSE307660	53	5	18
GSE307660	53	6	17
GSE307660	53	7	17
GSE307660	53	8	4
GSE307660	53	9	6
GSE307660	53	10	5
GSE307660	53	11	4
GSE307660	54	2	43
GSE307660	54	3	25
GSE307660	54	4	25
GSE307660	54	5	18
GSE307660	54	6	26
GSE307660	54	7	7
GSE307660	54	9	4
GSE307660	55	1	25
GSE307660	55	2	29
GSE307660	55	3	24
GSE307660	55	4	21
GSE307660	55	5	13
GSE307660	55	6	18
GSE307660	55	7	9
GSE307660	55	8	7
GSE307660	55	9	3
GSE307660	55	10	4
GSE307660	56	2	37
GSE307660	56	3	29
GSE307660	56	4	20
GSE307660	56	5	8
GSE307660	56	6	16
GSE307660	56	7	12
GSE307660	56	8	4
GSE307660	56	9	4
GSE307660	56	10	4
GSE307660	57	3	13
GSE307660	57	4	15
GSE307660	57	5	10
GSE307660	57	6	8
GSE307660	57	7	9
GSE307660	57	8	8
GSE307660	57	9	2
GSE307660	57	10	5
GSE307660	58	3	19
GSE307660	58	4	17
GSE307660	58	5	11
GSE307660	58	6	8
GSE307660	58	7	8
GSE307660	58	8	8
GSE307660	59	3	14
GSE307660	59	4	14
GSE307660	59	5	16
GSE307660	59	6	10
GSE307660	59	7	6
GSE307660	60	3	10
GSE307660	60	4	9
GSE307660	60	5	15
GSE307660	60	6	10
GSE307660	60	8	10
GSE307660	60	9	2
GSE307660	60	11	1
GSE307660	61	3	12
GSE307660	61	4	16
GSE307660	61	5	12
GSE307660	61	6	8
GSE307660	61	7	10
GSE307660	61	8	5
GSE307660	62	4	14
GSE307660	62	5	6
GSE307660	62	6	12
GSE307660	62	7	13
GSE307660	62	8	5
GSE307660	62	9	10
GSE307660	62	11	3
GSE307660	63	3	8
GSE307660	63	4	3
GSE307660	63	5	10
GSE307660	63	6	10
GSE307660	63	8	4
GSE307660	63	9	4
GSE307660	64	3	8
GSE307660	64	5	8
GSE307660	64	6	7
GSE307660	64	7	5
GSE307660	64	9	2
GSE307660	64	10	2
GSE307660	65	4	10
GSE307660	65	5	7
GSE307660	65	6	4
GSE307660	65	7	4
GSE307660	65	8	4
GSE307660	65	11	1
GSE307660	66	4	13
GSE307660	66	5	8
GSE307660	66	6	4
GSE307660	66	7	3
GSE307660	66	8	4
GSE307660	66	9	4
GSE307660	66	10	1
GSE307660	66	11	4
GSE307660	67	2	20
GSE307660	67	4	7
GSE307660	67	5	6
GSE307660	67	6	5
GSE307660	67	7	5
GSE307660	67	8	4
GSE307660	68	6	5
GSE307660	68	7	4
GSE307660	68	8	6
GSE307660	68	9	3
GSE307660	68	10	1
GSE307660	69	4	8
GSE307660	69	5	5
GSE307660	69	6	5
GSE307660	69	7	6
GSE307660	69	8	3
GSE307660	69	9	2
GSE307660	69	11	5
GSE307660	70	4	6
GSE307660	70	5	6
GSE307660	70	6	6
GSE307660	70	7	6
GSE307660	70	8	2
GSE307660	71	4	6
GSE307660	71	5	5
GSE307660	71	6	4
GSE307660	71	7	1
GSE307660	71	9	2
GSE307660	71	11	2
GSE307660	72	3	2
GSE307660	72	4	6
GSE307660	72	5	7
GSE307660	72	6	3
GSE307660	72	8	2
GSE307660	72	9	2
GSE307660	73	4	6
GSE307660	73	5	5
GSE307660	73	6	5
GSE307660	73	7	4
GSE307660	73	8	4
GSE307660	73	10	2
GSE307660	74	6	6
GSE307660	74	7	3
GSE307660	74	8	5
GSE307660	74	11	2
GSE307660	75	3	7
GSE307660	75	4	6
GSE307660	75	6	4
GSE307660	75	7	1
GSE307660	75	8	6
GSE307660	75	10	2
GSE307660	76	3	8
GSE307660	76	4	4
GSE307660	76	6	2
GSE307660	76	7	5
GSE307660	76	8	6
GSE307660	76	9	1
GSE307660	77	3	6
GSE307660	77	4	9
GSE307660	77	6	3
GSE307660	77	9	2
GSE307660	77	10	2
GSE307660	78	5	2
GSE307660	78	6	3
GSE307660	78	8	4
GSE307660	78	9	2
GSE307660	79	7	4
GSE307660	79	8	3
GSE307660	79	9	1
GSE307660	80	5	3
GSE307660	80	8	1
GSE307660	80	9	3
GSE307660	80	10	2
GSE307660	81	4	1
GSE307660	81	5	8
GSE307660	81	6	3
GSE307660	81	10	3
GSE307660	81	11	2
GSE307660	82	5	3
GSE307660	82	7	2
GSE307660	82	8	1
GSE307660	82	9	1
GSE307660	82	10	1
GSE307660	82	11	2
GSE307660	83	6	1
GSE307660	83	7	2
GSE307660	83	8	3
GSE307660	83	9	2
GSE307660	84	7	5
GSE307660	84	8	2
GSE307660	84	9	4
GSE307660	84	10	1
GSE307660	85	8	2
GSE307660	85	9	3
GSE307660	85	10	2
GSE307660	86	5	4
GSE307660	86	6	2
GSE307660	86	8	2
GSE307660	86	10	3
GSE307660	87	5	4
GSE307660	87	9	1
GSE307660	88	8	1
GSE307660	88	10	1
GSE307660	89	6	2
GSE307660	89	7	4
GSE307660	89	8	2
GSE307660	89	9	2
GSE307660	89	11	2
GSE307660	89	16	1
GSE307660	90	9	3
GSE307660	90	10	2
GSE307660	91	9	2
GSE307660	92	6	2
GSE307660	92	10	1
GSE307660	92	11	1
GSE307660	93	8	5
GSE307660	94	7	2
GSE307660	94	9	3
GSE307660	95	8	1
GSE307660	95	9	1
GSE307660	96	6	2
GSE307660	96	10	1
GSE307660	97	7	2
GSE307660	97	9	2
GSE307660	98	7	2
GSE307660	100	4	6
GSE307660	100	7	1
GSE307660	101	13	2
GSE307660	102	8	1
GSE307660	102	10	1
GSE307660	103	5	2
GSE307660	104	7	3
GSE307660	104	11	1
GSE307660	105	8	3
GSE307660	105	20	1
GSE307660	106	7	1
GSE307660	106	13	1
GSE307660	108	11	1
GSE307660	108	12	1
GSE307660	109	6	3
GSE307660	109	8	2
GSE307660	110	10	2
GSE307660	110	13	1
GSE307660	111	9	1
GSE307660	113	10	1
GSE307660	114	18	1
GSE307660	116	7	1
GSE307660	117	10	1
GSE307660	121	6	3
GSE307660	121	12	1
GSE307660	123	15	1
GSE307660	135	11	1
GSE307660	137	21	1
GSE307660	141	12	1
GSE307660	144	13	1
GSE307660	149	21	1
GSE307660	151	16	1
GSE307660	159	10	1
GSE307660	160	12	1
GSE307660	167	11	1
GSE307660	175	15	1
GSE307660	194	21	1
GSE307660	218	22	1
GSE307660	220	30	1
GSE307660	231	16	1
GSE307660	305	15	1
GSE307660	308	23	1
GSE307660	308	36	1
GSE307660	313	33	1
GSE307660	433	37	1
GSE307660	539	37	1
GSE307660	585	56	1
GSE307660	590	50	1
GSE307660	601	29	1
GSE307660	651	59	1
GSE307660	682	55	1
GSE307660	721	31	1
GSE307660	727	56	1
GSE307660	763	33	1
GSE307660	1100	46	1
GSE307660	1433	47	1
GSE307660	1933	54	1
GSE307660	2244	71	1
GSE307660	2321	62	1
GSE307660	3378	80	1
GSE307660	3881	95	1
GSE307660	3930	85	1
GSE307660	4183	105	1
GSE307660	4442	89	1
GSE307660	4756	97	1
GSE307660	9486	146	1
GSE307660	9613	151	1
GSE307660	10434	149	1
GSE307660	15302	171	1
GSE307660	16355	159	1
GSE307660	16520	186	1
GSE307660	20263	297	1
GSE307660	20570	193	1
GSE307660	7	7	642
GSE307660	9	9	91
GSE307660	15	8	105
GSE307660	28	9	9
GSE307660	37	9	10
GSE307660	40	1	125
GSE307660	47	1	64
GSE307660	49	9	3
GSE307660	50	1	46
GSE307660	63	7	5
GSE307660	77	8	1
GSE307660	80	4	3
GSE307660	84	6	1
GSE307660	91	2	3
GSE307660	93	10	1
GSE307660	104	6	2
GSE307660	117	9	1
GSE307660	119	4	3
GSE307660	123	8	1
GSE307660	128	12	1
GSE307660	151	25	1
GSE307660	203	2	2
GSE307660	236	3	1
GSE307660	625	28	1
GSE307660	2192	51	1
GSE307660	12	7	323
GSE307660	8	8	224
GSE307660	9	8	246
GSE307660	11	9	96
GSE307660	11	10	38
GSE307660	12	8	157
GSE307660	12	9	75
GSE307660	13	8	131
GSE307660	13	9	77
GSE307660	13	10	46
GSE307660	13	11	29
GSE307660	14	8	112
GSE307660	14	9	50
GSE307660	14	10	39
GSE307660	15	11	17
GSE307660	16	9	42
GSE307660	16	10	21
GSE307660	16	11	20
GSE307660	16	12	6
GSE307660	16	15	5
GSE307660	17	9	40
GSE307660	17	10	14
GSE307660	17	12	6
GSE307660	18	9	39
GSE307660	18	10	34
GSE307660	18	11	9
GSE307660	19	9	28
GSE307660	19	10	25
GSE307660	19	11	13
GSE307660	20	9	47
GSE307660	20	10	11
GSE307660	20	11	12
GSE307660	20	12	11
GSE307660	20	17	1
GSE307660	21	8	49
GSE307660	21	9	24
GSE307660	21	10	24
GSE307660	21	12	3
GSE307660	22	9	30
GSE307660	22	10	12
GSE307660	22	11	12
GSE307660	22	15	2
GSE307660	23	8	37
GSE307660	23	9	26
GSE307660	23	13	5
GSE307660	24	9	24
GSE307660	24	11	10
GSE307660	24	12	7
GSE307660	25	9	16
GSE307660	25	10	15
GSE307660	26	9	14
GSE307660	26	10	12
GSE307660	26	11	11
GSE307660	27	9	13
GSE307660	27	10	14
GSE307660	27	12	5
GSE307660	27	16	3
GSE307660	27	17	4
GSE307660	28	10	10
GSE307660	28	11	4
GSE307660	28	12	2
GSE307660	29	9	16
GSE307660	29	10	4
GSE307660	29	11	6
GSE307660	30	9	15
GSE307660	30	10	8
GSE307660	30	11	4
GSE307660	30	14	3
GSE307660	30	17	2
GSE307660	31	9	15
GSE307660	31	10	7
GSE307660	31	11	9
GSE307660	31	12	2
GSE307660	31	13	1
GSE307660	32	10	2
GSE307660	32	12	8
GSE307660	32	17	2
GSE307660	33	9	8
GSE307660	33	10	5
GSE307660	33	11	3
GSE307660	33	16	2
GSE307660	34	10	4
GSE307660	34	11	4
GSE307660	34	12	1
GSE307660	34	13	1
GSE307660	35	9	8
GSE307660	35	11	9
GSE307660	36	10	6
GSE307660	36	11	5
GSE307660	36	15	1
GSE307660	37	10	5
GSE307660	37	17	1
GSE307660	38	11	3
GSE307660	38	13	1
GSE307660	38	14	2
GSE307660	39	10	7
GSE307660	40	10	3
GSE307660	40	11	1
GSE307660	40	12	1
GSE307660	40	17	2
GSE307660	41	10	4
GSE307660	41	11	4
GSE307660	42	11	2
GSE307660	43	15	1
GSE307660	43	16	1
GSE307660	44	1	78
GSE307660	44	10	2
GSE307660	44	11	2
GSE307660	45	1	72
GSE307660	45	10	3
GSE307660	45	11	2
GSE307660	45	12	3
GSE307660	46	15	2
GSE307660	46	17	2
GSE307660	48	1	55
GSE307660	48	12	1
GSE307660	48	16	2
GSE307660	48	18	2
GSE307660	49	17	1
GSE307660	50	10	2
GSE307660	50	12	2
GSE307660	50	14	1
GSE307660	51	1	50
GSE307660	51	11	2
GSE307660	51	12	1
GSE307660	52	1	27
GSE307660	52	9	2
GSE307660	52	10	1
GSE307660	52	12	2
GSE307660	52	13	2
GSE307660	53	16	1
GSE307660	54	1	34
GSE307660	54	12	2
GSE307660	54	17	1
GSE307660	54	23	1
GSE307660	55	11	1
GSE307660	55	14	2
GSE307660	56	1	23
GSE307660	56	11	2
GSE307660	56	12	1
GSE307660	56	13	1
GSE307660	56	20	1
GSE307660	57	2	27
GSE307660	57	12	1
GSE307660	58	1	23
GSE307660	58	2	26
GSE307660	58	9	3
GSE307660	59	1	22
GSE307660	59	8	3
GSE307660	59	10	1
GSE307660	59	12	3
GSE307660	59	16	1
GSE307660	60	2	19
GSE307660	60	17	1
GSE307660	61	2	17
GSE307660	61	9	1
GSE307660	61	10	1
GSE307660	61	16	1
GSE307660	62	1	16
GSE307660	62	2	17
GSE307660	62	3	17
GSE307660	62	17	1
GSE307660	63	1	6
GSE307660	63	2	14
GSE307660	63	12	3
GSE307660	63	13	1
GSE307660	64	1	11
GSE307660	64	4	8
GSE307660	65	1	8
GSE307660	65	3	15
GSE307660	65	14	1
GSE307660	66	2	16
GSE307660	67	1	9
GSE307660	67	12	2
GSE307660	67	13	1
GSE307660	68	1	10
GSE307660	68	2	16
GSE307660	68	11	1
GSE307660	68	13	2
GSE307660	68	14	1
GSE307660	68	17	1
GSE307660	69	2	16
GSE307660	69	12	1
GSE307660	70	9	2
GSE307660	70	13	3
GSE307660	70	19	1
GSE307660	71	12	1
GSE307660	71	18	1
GSE307660	72	10	1
GSE307660	73	9	2
GSE307660	73	11	1
GSE307660	73	13	1
GSE307660	73	21	1
GSE307660	74	3	9
GSE307660	74	10	1
GSE307660	75	15	1
GSE307660	76	22	1
GSE307660	77	5	2
GSE307660	77	14	1
GSE307660	77	17	1
GSE307660	77	23	1
GSE307660	78	21	1
GSE307660	79	1	3
GSE307660	79	5	4
GSE307660	79	11	1
GSE307660	79	15	1
GSE307660	80	2	4
GSE307660	80	6	4
GSE307660	80	17	1
GSE307660	81	17	1
GSE307660	82	1	4
GSE307660	82	2	8
GSE307660	82	3	8
GSE307660	82	6	3
GSE307660	83	3	8
GSE307660	83	15	1
GSE307660	83	26	1
GSE307660	84	1	3
GSE307660	84	3	4
GSE307660	84	4	3
GSE307660	85	15	1
GSE307660	85	27	1
GSE307660	87	4	4
GSE307660	87	13	1
GSE307660	88	14	1
GSE307660	89	4	2
GSE307660	89	38	1
GSE307660	90	1	1
GSE307660	90	4	2
GSE307660	90	11	1
GSE307660	90	23	1
GSE307660	91	7	1
GSE307660	92	7	2
GSE307660	92	9	3
GSE307660	93	41	1
GSE307660	94	1	1
GSE307660	94	10	1
GSE307660	94	14	1
GSE307660	95	3	6
GSE307660	95	21	1
GSE307660	97	13	1
GSE307660	97	15	1
GSE307660	97	21	1
GSE307660	98	2	5
GSE307660	99	3	2
GSE307660	99	11	1
GSE307660	99	24	1
GSE307660	101	2	3
GSE307660	102	3	2
GSE307660	104	1	3
GSE307660	106	20	1
GSE307660	107	13	1
GSE307660	107	27	1
GSE307660	108	1	1
GSE307660	108	14	1
GSE307660	109	16	1
GSE307660	110	15	1
GSE307660	110	17	1
GSE307660	111	2	1
GSE307660	113	14	1
GSE307660	114	38	1
GSE307660	115	4	1
GSE307660	115	40	1
GSE307660	116	12	1
GSE307660	116	17	2
GSE307660	117	3	2
GSE307660	117	22	1
GSE307660	119	2	3
GSE307660	121	15	1
GSE307660	121	26	1
GSE307660	123	17	1
GSE307660	125	7	2
GSE307660	127	18	1
GSE307660	128	24	1
GSE307660	129	14	1
GSE307660	130	21	1
GSE307660	131	3	3
GSE307660	131	30	1
GSE307660	132	16	1
GSE307660	132	18	2
GSE307660	133	31	1
GSE307660	133	32	1
GSE307660	135	14	1
GSE307660	138	29	1
GSE307660	139	6	2
GSE307660	139	66	1
GSE307660	140	6	1
GSE307660	140	17	1
GSE307660	141	5	2
GSE307660	141	15	1
GSE307660	141	23	1
GSE307660	142	17	1
GSE307660	144	19	1
GSE307660	145	13	1
GSE307660	148	17	1
GSE307660	151	15	1
GSE307660	156	4	3
GSE307660	160	2	2
GSE307660	160	21	1
GSE307660	165	17	1
GSE307660	168	20	1
GSE307660	171	14	1
GSE307660	172	11	1
GSE307660	172	21	1
GSE307660	174	34	1
GSE307660	179	15	1
GSE307660	183	5	1
GSE307660	183	14	1
GSE307660	185	10	1
GSE307660	186	1	1
GSE307660	188	23	1
GSE307660	190	17	1
GSE307660	190	21	1
GSE307660	191	17	1
GSE307660	192	16	1
GSE307660	195	40	1
GSE307660	197	26	1
GSE307660	199	3	2
GSE307660	206	40	1
GSE307660	213	8	1
GSE307660	213	22	1
GSE307660	218	21	1
GSE307660	221	48	1
GSE307660	225	26	1
GSE307660	227	41	1
GSE307660	230	2	2
GSE307660	234	54	1
GSE307660	240	21	1
GSE307660	250	39	1
GSE307660	252	17	1
GSE307660	253	24	1
GSE307660	268	35	1
GSE307660	285	29	1
GSE307660	294	34	1
GSE307660	306	21	1
GSE307660	325	73	1
GSE307660	328	77	1
GSE307660	345	51	1
GSE307660	353	42	1
GSE307660	356	16	1
GSE307660	379	25	1
GSE307660	379	51	1
GSE307660	382	25	1
GSE307660	400	52	1
GSE307660	414	11	1
GSE307660	418	92	1
GSE307660	456	37	1
GSE307660	471	113	1
GSE307660	494	23	1
GSE307660	507	43	1
GSE307660	509	97	1
GSE307660	513	68	1
GSE307660	514	111	1
GSE307660	532	91	1
GSE307660	553	40	1
GSE307660	556	68	1
GSE307660	579	41	1
GSE307660	588	98	1
GSE307660	615	55	1
GSE307660	616	84	1
GSE307660	621	89	1
GSE307660	624	43	1
GSE307660	626	80	1
GSE307660	700	62	1
GSE307660	710	40	1
GSE307660	881	106	1
GSE307660	988	25	1
GSE307660	1046	61	1
GSE307660	1152	19	1
GSE307660	1160	196	1
GSE307660	1182	11	1
GSE307660	1185	109	1
GSE307660	1201	56	1
GSE307660	1487	54	1
GSE307660	1563	80	1
GSE307660	2349	47	1
GSE307660	2372	47	1
GSE307660	2401	93	1
GSE307660	2434	92	1
GSE307660	2451	93	1
GSE307660	2694	107	1
GSE307660	2703	108	1
GSE307660	3159	112	1
GSE307660	3169	50	1
GSE307660	3217	16	1
GSE307660	3436	85	1
GSE307660	3913	126	1
GSE307660	4607	128	1
GSE307660	5958	79	1
GSE307660	5967	153	1
GSE307660	6010	163	1
GSE307660	6131	101	1
GSE307660	6170	52	1
GSE307660	7317	104	1
GSE307660	8071	270	1
GSE307660	9853	162	1
GSE307660	10303	209	1
GSE307660	11233	195	1
GSE307660	11402	191	1
GSE307660	11815	62	1
GSE307660	12453	108	1
GSE307660	12644	99	1
GSE307660	13687	148	1
GSE307660	14540	306	1
GSE307660	16060	381	1
GSE307660	17079	122	1
GSE307660	17225	565	1
GSE307660	18817	101	1
GSE307660	22591	321	1
GSE307660	24326	174	1
GSE307660	24831	210	1
GSE307660	10	9	90
GSE307660	10	10	37
GSE307660	11	11	12
GSE307660	12	10	40
GSE307660	12	11	35
GSE307660	12	12	8
GSE307660	14	12	11
GSE307660	15	10	41
GSE307660	15	12	16
GSE307660	15	13	9
GSE307660	15	14	9
GSE307660	17	14	4
GSE307660	18	12	9
GSE307660	18	13	5
GSE307660	18	14	7
GSE307660	19	12	10
GSE307660	21	11	7
GSE307660	21	14	5
GSE307660	21	15	5
GSE307660	22	12	5
GSE307660	22	17	2
GSE307660	22	18	2
GSE307660	23	11	8
GSE307660	23	15	2
GSE307660	23	16	2
GSE307660	24	8	26
GSE307660	24	16	1
GSE307660	25	11	6
GSE307660	25	13	3
GSE307660	25	16	1
GSE307660	26	13	1
GSE307660	26	14	3
GSE307660	27	11	6
GSE307660	27	13	3
GSE307660	27	14	2
GSE307660	28	14	4
GSE307660	29	15	1
GSE307660	30	12	1
GSE307660	31	14	2
GSE307660	33	18	1
GSE307660	36	9	5
GSE307660	36	13	4
GSE307660	39	12	3
GSE307660	39	20	3
GSE307660	39	27	1
GSE307660	40	22	1
GSE307660	41	18	1
GSE307660	42	15	3
GSE307660	42	16	2
GSE307660	49	16	1
GSE307660	52	20	1
GSE307660	53	1	38
GSE307660	55	20	1
GSE307660	57	1	21
GSE307660	57	11	2
GSE307660	59	2	15
GSE307660	60	1	27
GSE307660	60	10	1
GSE307660	61	1	17
GSE307660	61	14	1
GSE307660	61	40	1
GSE307660	63	31	1
GSE307660	64	2	18
GSE307660	65	2	16
GSE307660	66	1	12
GSE307660	66	3	6
GSE307660	67	3	9
GSE307660	68	3	8
GSE307660	68	4	7
GSE307660	68	5	4
GSE307660	68	19	1
GSE307660	69	1	7
GSE307660	69	3	9
GSE307660	70	2	17
GSE307660	70	3	6
GSE307660	71	2	8
GSE307660	71	3	3
GSE307660	72	1	10
GSE307660	72	2	6
GSE307660	73	1	8
GSE307660	73	2	7
GSE307660	73	3	7
GSE307660	74	1	4
GSE307660	74	2	13
GSE307660	74	4	1
GSE307660	74	5	2
GSE307660	74	18	1
GSE307660	75	1	6
GSE307660	75	2	12
GSE307660	75	5	3
GSE307660	76	1	6
GSE307660	76	2	9
GSE307660	77	1	8
GSE307660	77	2	9
GSE307660	77	28	1
GSE307660	78	1	4
GSE307660	78	2	6
GSE307660	78	3	4
GSE307660	78	4	1
GSE307660	78	17	1
GSE307660	79	2	4
GSE307660	79	3	8
GSE307660	79	4	4
GSE307660	79	6	2
GSE307660	80	1	5
GSE307660	80	3	2
GSE307660	81	1	5
GSE307660	81	2	6
GSE307660	81	3	4
GSE307660	81	7	2
GSE307660	82	24	1
GSE307660	82	25	1
GSE307660	83	2	7
GSE307660	83	4	3
GSE307660	83	5	3
GSE307660	84	2	3
GSE307660	84	5	4
GSE307660	85	2	8
GSE307660	85	3	3
GSE307660	85	5	6
GSE307660	86	2	6
GSE307660	86	3	10
GSE307660	86	4	4
GSE307660	87	1	5
GSE307660	87	3	5
GSE307660	88	2	3
GSE307660	88	3	3
GSE307660	89	2	3
GSE307660	89	3	6
GSE307660	90	2	2
GSE307660	90	3	4
GSE307660	91	3	4
GSE307660	91	4	1
GSE307660	91	5	5
GSE307660	91	6	2
GSE307660	92	2	6
GSE307660	92	3	4
GSE307660	92	4	5
GSE307660	92	5	1
GSE307660	92	8	1
GSE307660	93	2	7
GSE307660	93	3	3
GSE307660	93	4	2
GSE307660	94	2	8
GSE307660	94	4	2
GSE307660	94	6	1
GSE307660	94	12	1
GSE307660	95	2	5
GSE307660	95	4	3
GSE307660	95	5	2
GSE307660	96	1	3
GSE307660	96	2	5
GSE307660	96	3	2
GSE307660	96	4	1
GSE307660	96	5	2
GSE307660	96	7	1
GSE307660	97	1	1
GSE307660	97	2	2
GSE307660	97	3	2
GSE307660	98	1	3
GSE307660	98	5	1
GSE307660	98	6	2
GSE307660	99	4	5
GSE307660	99	16	2
GSE307660	100	2	2
GSE307660	100	3	2
GSE307660	100	5	1
GSE307660	100	6	3
GSE307660	100	14	1
GSE307660	101	3	2
GSE307660	101	4	2
GSE307660	101	6	3
GSE307660	102	2	2
GSE307660	102	6	1
GSE307660	102	7	1
GSE307660	103	2	5
GSE307660	103	3	1
GSE307660	103	4	2
GSE307660	103	40	1
GSE307660	104	2	4
GSE307660	104	3	5
GSE307660	104	4	3
GSE307660	105	3	2
GSE307660	106	2	4
GSE307660	106	3	4
GSE307660	107	2	1
GSE307660	107	3	4
GSE307660	107	5	1
GSE307660	108	4	5
GSE307660	108	7	1
GSE307660	109	4	3
GSE307660	111	3	3
GSE307660	111	4	1
GSE307660	111	5	1
GSE307660	112	3	3
GSE307660	112	6	1
GSE307660	112	41	1
GSE307660	113	2	3
GSE307660	113	3	2
GSE307660	114	2	3
GSE307660	114	3	5
GSE307660	114	4	1
GSE307660	114	5	2
GSE307660	114	7	1
GSE307660	114	39	1
GSE307660	115	3	3
GSE307660	115	5	1
GSE307660	116	1	1
GSE307660	116	2	1
GSE307660	116	3	2
GSE307660	116	4	2
GSE307660	116	5	1
GSE307660	116	27	1
GSE307660	117	5	2
GSE307660	117	6	2
GSE307660	118	4	2
GSE307660	118	5	2
GSE307660	118	8	1
GSE307660	119	3	4
GSE307660	119	5	2
GSE307660	119	6	2
GSE307660	119	7	1
GSE307660	120	2	1
GSE307660	120	8	2
GSE307660	121	3	2
GSE307660	121	4	3
GSE307660	121	5	1
GSE307660	122	2	1
GSE307660	122	3	1
GSE307660	122	4	2
GSE307660	122	5	1
GSE307660	123	4	1
GSE307660	123	5	1
GSE307660	124	3	1
GSE307660	124	4	2
GSE307660	125	5	2
GSE307660	126	3	2
GSE307660	127	2	1
GSE307660	127	3	1
GSE307660	127	4	2
GSE307660	127	28	1
GSE307660	128	4	2
GSE307660	128	5	3
GSE307660	128	6	1
GSE307660	129	4	1
GSE307660	129	5	1
GSE307660	129	17	1
GSE307660	129	38	1
GSE307660	129	54	1
GSE307660	130	1	1
GSE307660	130	2	2
GSE307660	130	3	1
GSE307660	130	4	3
GSE307660	130	5	1
GSE307660	130	6	1
GSE307660	131	2	1
GSE307660	131	4	3
GSE307660	131	5	1
GSE307660	131	7	2
GSE307660	132	3	1
GSE307660	132	4	1
GSE307660	132	6	2
GSE307660	133	2	5
GSE307660	133	3	2
GSE307660	133	4	2
GSE307660	133	6	1
GSE307660	134	3	1
GSE307660	134	7	1
GSE307660	135	2	1
GSE307660	135	3	2
GSE307660	135	4	2
GSE307660	136	2	2
GSE307660	136	3	2
GSE307660	136	5	1
GSE307660	137	2	3
GSE307660	138	1	2
GSE307660	139	2	4
GSE307660	139	3	1
GSE307660	139	7	1
GSE307660	140	8	1
GSE307660	141	2	1
GSE307660	141	4	1
GSE307660	142	2	2
GSE307660	142	3	2
GSE307660	142	4	3
GSE307660	143	4	2
GSE307660	145	2	1
GSE307660	145	3	2
GSE307660	145	4	1
GSE307660	146	3	3
GSE307660	146	30	1
GSE307660	147	4	2
GSE307660	147	7	1
GSE307660	148	3	2
GSE307660	148	4	3
GSE307660	148	5	1
GSE307660	149	3	2
GSE307660	150	2	1
GSE307660	150	7	2
GSE307660	151	2	3
GSE307660	151	3	1
GSE307660	151	8	1
GSE307660	151	52	1
GSE307660	153	3	2
GSE307660	153	7	1
GSE307660	154	3	1
GSE307660	154	4	1
GSE307660	155	3	2
GSE307660	155	4	1
GSE307660	155	7	2
GSE307660	158	3	1
GSE307660	158	4	2
GSE307660	158	18	1
GSE307660	160	6	1
GSE307660	160	54	1
GSE307660	161	4	1
GSE307660	161	30	1
GSE307660	162	2	2
GSE307660	162	3	1
GSE307660	163	4	2
GSE307660	163	29	1
GSE307660	165	3	1
GSE307660	166	4	1
GSE307660	166	8	1
GSE307660	168	2	1
GSE307660	168	4	1
GSE307660	169	3	1
GSE307660	169	4	1
GSE307660	169	5	2
GSE307660	169	7	1
GSE307660	169	8	1
GSE307660	170	3	2
GSE307660	171	3	2
GSE307660	172	4	1
GSE307660	173	2	1
GSE307660	173	3	2
GSE307660	173	4	2
GSE307660	174	3	4
GSE307660	174	5	3
GSE307660	175	3	1
GSE307660	175	12	1
GSE307660	176	4	1
GSE307660	176	8	1
GSE307660	177	3	1
GSE307660	177	4	4
GSE307660	178	3	1
GSE307660	178	6	1
GSE307660	179	2	1
GSE307660	179	4	3
GSE307660	179	5	1
GSE307660	180	3	1
GSE307660	181	4	1
GSE307660	181	6	1
GSE307660	182	4	2
GSE307660	182	6	2
GSE307660	184	21	1
GSE307660	185	2	2
GSE307660	185	3	2
GSE307660	185	4	1
GSE307660	186	3	2
GSE307660	187	3	1
GSE307660	187	7	1
GSE307660	188	4	1
GSE307660	188	9	1
GSE307660	189	4	1
GSE307660	191	3	2
GSE307660	191	5	1
GSE307660	193	3	2
GSE307660	194	3	1
GSE307660	194	4	1
GSE307660	194	82	1
GSE307660	195	4	1
GSE307660	197	3	1
GSE307660	198	3	1
GSE307660	199	4	1
GSE307660	201	3	1
GSE307660	202	2	1
GSE307660	202	7	1
GSE307660	202	8	1
GSE307660	204	5	1
GSE307660	204	9	1
GSE307660	205	3	1
GSE307660	205	5	3
GSE307660	206	3	1
GSE307660	206	5	1
GSE307660	206	7	2
GSE307660	207	3	1
GSE307660	207	5	1
GSE307660	207	13	1
GSE307660	209	4	1
GSE307660	209	5	1
GSE307660	209	6	1
GSE307660	210	3	1
GSE307660	212	6	1
GSE307660	213	4	2
GSE307660	213	7	1
GSE307660	214	1	1
GSE307660	214	4	1
GSE307660	214	5	1
GSE307660	214	45	1
GSE307660	215	10	1
GSE307660	217	3	1
GSE307660	217	6	1
GSE307660	220	3	1
GSE307660	220	4	1
GSE307660	220	11	1
GSE307660	220	50	1
GSE307660	221	30	1
GSE307660	222	6	2
GSE307660	223	3	1
GSE307660	223	7	1
GSE307660	224	81	1
GSE307660	225	2	1
GSE307660	226	4	1
GSE307660	226	6	1
GSE307660	227	7	1
GSE307660	229	3	1
GSE307660	230	3	1
GSE307660	231	3	1
GSE307660	232	4	1
GSE307660	233	5	1
GSE307660	233	7	1
GSE307660	235	2	2
GSE307660	235	3	2
GSE307660	236	8	1
GSE307660	236	85	1
GSE307660	237	5	1
GSE307660	238	5	2
GSE307660	238	7	1
GSE307660	239	7	1
GSE307660	239	41	1
GSE307660	241	3	1
GSE307660	244	5	1
GSE307660	247	3	2
GSE307660	247	4	2
GSE307660	247	51	1
GSE307660	249	34	1
GSE307660	250	6	1
GSE307660	251	5	1
GSE307660	251	9	1
GSE307660	252	3	1
GSE307660	253	4	1
GSE307660	254	7	2
GSE307660	255	3	2
GSE307660	255	4	1
GSE307660	256	3	1
GSE307660	257	9	2
GSE307660	258	7	1
GSE307660	259	3	1
GSE307660	259	27	1
GSE307660	261	6	1
GSE307660	261	8	1
GSE307660	261	10	1
GSE307660	262	4	2
GSE307660	263	2	1
GSE307660	263	5	1
GSE307660	263	6	2
GSE307660	264	8	1
GSE307660	266	3	1
GSE307660	266	78	1
GSE307660	269	3	1
GSE307660	269	4	2
GSE307660	270	2	1
GSE307660	271	3	1
GSE307660	272	5	1
GSE307660	272	6	1
GSE307660	274	4	3
GSE307660	275	50	1
GSE307660	276	6	1
GSE307660	277	7	1
GSE307660	281	6	1
GSE307660	283	2	1
GSE307660	283	9	1
GSE307660	284	4	1
GSE307660	285	7	1
GSE307660	286	2	1
GSE307660	286	3	1
GSE307660	286	4	1
GSE307660	288	4	1
GSE307660	289	4	1
GSE307660	289	5	2
GSE307660	289	10	1
GSE307660	291	4	2
GSE307660	292	3	1
GSE307660	292	6	1
GSE307660	293	6	1
GSE307660	294	4	1
GSE307660	294	6	2
GSE307660	296	8	1
GSE307660	300	8	2
GSE307660	300	10	1
GSE307660	301	4	3
GSE307660	302	5	1
GSE307660	303	6	1
GSE307660	304	4	1
GSE307660	305	3	1
GSE307660	305	4	1
GSE307660	307	5	1
GSE307660	309	5	1
GSE307660	310	5	1
GSE307660	313	6	1
GSE307660	315	17	1
GSE307660	316	3	1
GSE307660	316	4	1
GSE307660	317	4	1
GSE307660	317	117	1
GSE307660	318	4	1
GSE307660	320	2	1
GSE307660	321	58	1
GSE307660	322	6	1
GSE307660	322	70	1
GSE307660	323	6	1
GSE307660	324	3	1
GSE307660	324	6	1
GSE307660	325	4	1
GSE307660	326	6	1
GSE307660	327	4	1
GSE307660	327	5	1
GSE307660	327	6	1
GSE307660	328	9	1
GSE307660	329	2	2
GSE307660	329	5	1
GSE307660	329	6	1
GSE307660	330	3	1
GSE307660	330	4	1
GSE307660	331	8	1
GSE307660	334	5	1
GSE307660	335	4	1
GSE307660	335	9	1
GSE307660	336	8	1
GSE307660	338	4	1
GSE307660	339	4	1
GSE307660	339	8	1
GSE307660	339	9	1
GSE307660	340	6	1
GSE307660	341	6	1
GSE307660	342	3	1
GSE307660	342	5	1
GSE307660	343	18	1
GSE307660	346	3	1
GSE307660	346	5	1
GSE307660	346	7	1
GSE307660	347	3	1
GSE307660	350	6	1
GSE307660	350	8	1
GSE307660	352	3	1
GSE307660	352	6	1
GSE307660	352	71	1
GSE307660	353	6	1
GSE307660	353	60	1
GSE307660	354	6	2
GSE307660	356	5	1
GSE307660	357	8	1
GSE307660	360	7	1
GSE307660	361	5	1
GSE307660	363	3	1
GSE307660	364	5	1
GSE307660	366	4	2
GSE307660	369	9	1
GSE307660	370	21	1
GSE307660	371	3	1
GSE307660	372	5	1
GSE307660	373	4	1
GSE307660	374	4	1
GSE307660	374	5	1
GSE307660	374	6	1
GSE307660	374	8	1
GSE307660	375	7	1
GSE307660	376	5	1
GSE307660	378	4	1
GSE307660	378	5	1
GSE307660	380	7	1
GSE307660	381	4	1
GSE307660	382	3	1
GSE307660	383	9	1
GSE307660	384	6	1
GSE307660	384	65	1
GSE307660	386	6	1
GSE307660	386	8	1
GSE307660	387	7	1
GSE307660	387	9	1
GSE307660	389	6	1
GSE307660	390	7	1
GSE307660	391	7	1
GSE307660	392	4	1
GSE307660	393	75	1
GSE307660	395	3	1
GSE307660	400	5	1
GSE307660	401	7	1
GSE307660	404	8	2
GSE307660	406	5	2
GSE307660	407	4	1
GSE307660	408	6	1
GSE307660	409	2	1
GSE307660	410	8	1
GSE307660	411	11	1
GSE307660	412	8	1
GSE307660	414	6	1
GSE307660	415	7	1
GSE307660	416	6	1
GSE307660	416	16	1
GSE307660	418	12	1
GSE307660	425	5	1
GSE307660	426	7	1
GSE307660	428	4	1
GSE307660	428	5	1
GSE307660	430	5	1
GSE307660	431	6	1
GSE307660	432	5	1
GSE307660	433	98	1
GSE307660	442	5	1
GSE307660	442	6	1
GSE307660	442	26	1
GSE307660	444	5	1
GSE307660	444	7	1
GSE307660	446	5	1
GSE307660	447	4	1
GSE307660	449	6	1
GSE307660	450	6	1
GSE307660	450	27	1
GSE307660	451	7	1
GSE307660	456	3	1
GSE307660	456	6	1
GSE307660	458	7	1
GSE307660	459	7	1
GSE307660	460	11	1
GSE307660	464	6	1
GSE307660	467	7	1
GSE307660	469	75	1
GSE307660	470	39	1
GSE307660	471	6	1
GSE307660	472	8	2
GSE307660	474	6	1
GSE307660	474	12	1
GSE307660	475	7	1
GSE307660	477	5	1
GSE307660	479	140	1
GSE307660	480	6	1
GSE307660	481	4	2
GSE307660	482	7	1
GSE307660	483	5	1
GSE307660	484	10	1
GSE307660	485	4	1
GSE307660	485	6	1
GSE307660	485	7	1
GSE307660	486	3	1
GSE307660	488	7	1
GSE307660	491	5	1
GSE307660	492	5	1
GSE307660	492	6	2
GSE307660	493	12	1
GSE307660	498	5	1
GSE307660	499	5	1
GSE307660	502	9	1
GSE307660	503	75	1
GSE307660	505	7	1
GSE307660	506	27	1
GSE307660	507	5	1
GSE307660	508	5	1
GSE307660	508	7	1
GSE307660	509	5	1
GSE307660	511	10	1
GSE307660	513	6	1
GSE307660	516	51	1
GSE307660	521	5	1
GSE307660	523	6	1
GSE307660	525	4	1
GSE307660	525	10	1
GSE307660	526	14	1
GSE307660	528	4	2
GSE307660	532	4	2
GSE307660	532	10	1
GSE307660	538	4	1
GSE307660	538	7	1
GSE307660	540	7	1
GSE307660	540	54	1
GSE307660	543	6	1
GSE307660	547	4	1
GSE307660	547	5	1
GSE307660	547	7	2
GSE307660	550	8	1
GSE307660	551	4	1
GSE307660	551	9	1
GSE307660	552	9	1
GSE307660	553	7	1
GSE307660	555	9	1
GSE307660	556	5	1
GSE307660	556	6	1
GSE307660	557	5	1
GSE307660	558	6	1
GSE307660	561	8	1
GSE307660	563	10	1
GSE307660	563	40	1
GSE307660	564	4	1
GSE307660	567	6	1
GSE307660	567	8	1
GSE307660	568	6	1
GSE307660	569	3	1
GSE307660	569	14	1
GSE307660	572	6	2
GSE307660	575	5	1
GSE307660	575	6	1
GSE307660	576	3	1
GSE307660	579	5	1
GSE307660	581	6	1
GSE307660	582	5	1
GSE307660	582	10	1
GSE307660	583	9	1
GSE307660	587	6	1
GSE307660	587	7	1
GSE307660	588	8	1
GSE307660	589	6	1
GSE307660	595	5	1
GSE307660	596	4	2
GSE307660	597	3	1
GSE307660	600	63	1
GSE307660	601	5	1
GSE307660	605	6	1
GSE307660	608	7	1
GSE307660	608	8	1
GSE307660	612	6	1
GSE307660	613	12	1
GSE307660	614	5	1
GSE307660	614	9	1
GSE307660	617	8	1
GSE307660	619	8	1
GSE307660	621	60	1
GSE307660	623	6	1
GSE307660	626	6	1
GSE307660	627	9	1
GSE307660	629	5	1
GSE307660	630	85	1
GSE307660	632	6	1
GSE307660	636	5	2
GSE307660	636	6	1
GSE307660	637	5	1
GSE307660	639	6	1
GSE307660	643	131	1
GSE307660	649	11	1
GSE307660	652	6	1
GSE307660	658	7	1
GSE307660	658	11	1
GSE307660	659	4	1
GSE307660	662	6	1
GSE307660	662	7	1
GSE307660	665	7	1
GSE307660	666	5	1
GSE307660	667	23	1
GSE307660	669	9	1
GSE307660	673	6	1
GSE307660	673	7	1
GSE307660	674	8	1
GSE307660	678	8	1
GSE307660	678	43	1
GSE307660	679	6	1
GSE307660	682	5	2
GSE307660	683	4	1
GSE307660	684	8	1
GSE307660	684	202	1
GSE307660	687	4	1
GSE307660	688	5	1
GSE307660	689	8	1
GSE307660	690	9	1
GSE307660	692	6	2
GSE307660	692	8	1
GSE307660	694	8	1
GSE307660	695	8	1
GSE307660	696	8	1
GSE307660	697	4	1
GSE307660	700	9	1
GSE307660	700	27	1
GSE307660	701	8	1
GSE307660	702	8	1
GSE307660	703	17	1
GSE307660	704	5	1
GSE307660	705	5	1
GSE307660	705	11	1
GSE307660	706	42	1
GSE307660	710	10	1
GSE307660	720	124	1
GSE307660	724	11	1
GSE307660	728	6	1
GSE307660	730	7	1
GSE307660	732	9	1
GSE307660	733	8	1
GSE307660	734	8	1
GSE307660	735	54	1
GSE307660	737	9	1
GSE307660	738	12	1
GSE307660	742	8	1
GSE307660	744	13	1
GSE307660	746	9	1
GSE307660	747	9	1
GSE307660	751	16	1
GSE307660	752	11	1
GSE307660	754	7	1
GSE307660	759	4	1
GSE307660	762	7	1
GSE307660	765	8	1
GSE307660	771	260	1
GSE307660	776	5	1
GSE307660	776	9	1
GSE307660	778	29	1
GSE307660	780	6	2
GSE307660	781	11	1
GSE307660	783	5	1
GSE307660	784	7	1
GSE307660	785	7	1
GSE307660	785	9	1
GSE307660	786	6	1
GSE307660	787	5	1
GSE307660	790	7	1
GSE307660	791	11	1
GSE307660	792	6	1
GSE307660	793	8	1
GSE307660	796	7	1
GSE307660	800	12	1
GSE307660	801	7	1
GSE307660	802	6	1
GSE307660	807	7	1
GSE307660	807	76	1
GSE307660	812	11	1
GSE307660	817	7	1
GSE307660	818	8	1
GSE307660	822	8	1
GSE307660	826	9	1
GSE307660	827	8	1
GSE307660	827	9	1
GSE307660	830	47	1
GSE307660	831	8	1
GSE307660	838	5	1
GSE307660	841	6	1
GSE307660	841	7	1
GSE307660	843	6	1
GSE307660	843	7	1
GSE307660	845	10	1
GSE307660	864	11	1
GSE307660	865	8	2
GSE307660	869	9	1
GSE307660	870	6	1
GSE307660	880	112	1
GSE307660	882	17	1
GSE307660	886	6	1
GSE307660	886	104	1
GSE307660	889	138	1
GSE307660	890	11	1
GSE307660	892	7	1
GSE307660	894	172	1
GSE307660	897	7	1
GSE307660	897	8	1
GSE307660	901	8	2
GSE307660	905	6	1
GSE307660	923	4	1
GSE307660	924	10	1
GSE307660	925	8	1
GSE307660	930	11	1
GSE307660	938	14	1
GSE307660	942	9	1
GSE307660	944	9	1
GSE307660	958	9	1
GSE307660	964	7	1
GSE307660	964	8	1
GSE307660	965	6	1
GSE307660	967	137	1
GSE307660	971	55	1
GSE307660	977	23	1
GSE307660	981	91	1
GSE307660	990	5	1
GSE307660	992	13	1
GSE307660	998	12	1
GSE307660	999	4	1
GSE307660	1003	11	1
GSE307660	1004	7	1
GSE307660	1007	7	1
GSE307660	1007	12	1
GSE307660	1012	10	1
GSE307660	1025	7	1
GSE307660	1030	9	1
GSE307660	1035	13	1
GSE307660	1038	10	1
GSE307660	1043	5	1
GSE307660	1045	6	1
GSE307660	1065	87	1
GSE307660	1074	5	1
GSE307660	1075	21	1
GSE307660	1080	10	1
GSE307660	1084	6	1
GSE307660	1087	8	1
GSE307660	1089	9	1
GSE307660	1093	5	1
GSE307660	1093	7	1
GSE307660	1097	11	1
GSE307660	1108	8	1
GSE307660	1128	10	1
GSE307660	1132	5	1
GSE307660	1133	9	1
GSE307660	1133	13	1
GSE307660	1136	9	1
GSE307660	1141	7	1
GSE307660	1145	67	1
GSE307660	1147	6	1
GSE307660	1155	8	2
GSE307660	1162	9	1
GSE307660	1162	11	1
GSE307660	1162	12	1
GSE307660	1165	104	1
GSE307660	1169	12	1
GSE307660	1178	12	1
GSE307660	1186	12	1
GSE307660	1188	8	1
GSE307660	1191	6	1
GSE307660	1208	10	1
GSE307660	1212	6	1
GSE307660	1216	10	2
GSE307660	1216	80	1
GSE307660	1220	262	1
GSE307660	1242	7	1
GSE307660	1248	12	1
GSE307660	1278	10	1
GSE307660	1284	5	1
GSE307660	1286	9	1
GSE307660	1289	13	1
GSE307660	1303	133	1
GSE307660	1305	12	1
GSE307660	1305	59	1
GSE307660	1309	57	1
GSE307660	1316	10	1
GSE307660	1318	8	1
GSE307660	1329	156	1
GSE307660	1335	11	1
GSE307660	1348	62	1
GSE307660	1352	11	1
GSE307660	1353	7	1
GSE307660	1358	10	1
GSE307660	1360	8	1
GSE307660	1361	9	1
GSE307660	1364	60	1
GSE307660	1371	16	1
GSE307660	1372	8	1
GSE307660	1389	10	1
GSE307660	1390	14	1
GSE307660	1392	9	1
GSE307660	1396	8	1
GSE307660	1397	14	1
GSE307660	1400	11	1
GSE307660	1405	10	1
GSE307660	1428	12	1
GSE307660	1433	15	1
GSE307660	1441	14	1
GSE307660	1443	7	1
GSE307660	1446	122	1
GSE307660	1467	13	1
GSE307660	1470	7	1
GSE307660	1483	142	1
GSE307660	1488	10	1
GSE307660	1493	13	1
GSE307660	1495	12	1
GSE307660	1504	15	1
GSE307660	1514	13	1
GSE307660	1526	23	1
GSE307660	1529	7	1
GSE307660	1545	16	1
GSE307660	1548	12	1
GSE307660	1549	16	1
GSE307660	1566	18	1
GSE307660	1567	12	1
GSE307660	1575	13	1
GSE307660	1577	12	1
GSE307660	1578	286	1
GSE307660	1585	45	1
GSE307660	1596	11	1
GSE307660	1615	15	1
GSE307660	1616	220	1
GSE307660	1631	11	1
GSE307660	1632	123	1
GSE307660	1632	125	1
GSE307660	1656	12	1
GSE307660	1669	91	1
GSE307660	1671	7	1
GSE307660	1677	13	1
GSE307660	1690	12	1
GSE307660	1714	17	1
GSE307660	1723	14	1
GSE307660	1728	11	1
GSE307660	1747	10	1
GSE307660	1754	11	1
GSE307660	1756	12	1
GSE307660	1773	13	1
GSE307660	1775	32	1
GSE307660	1786	9	1
GSE307660	1802	12	1
GSE307660	1842	183	1
GSE307660	1884	12	1
GSE307660	1889	13	1
GSE307660	1892	9	1
GSE307660	1895	14	1
GSE307660	1912	347	1
GSE307660	1927	125	1
GSE307660	1953	15	1
GSE307660	1960	77	1
GSE307660	1967	11	1
GSE307660	1995	511	1
GSE307660	2003	9	1
GSE307660	2012	8	1
GSE307660	2021	13	1
GSE307660	2029	17	1
GSE307660	2031	22	1
GSE307660	2041	14	1
GSE307660	2085	13	1
GSE307660	2114	10	1
GSE307660	2141	13	1
GSE307660	2164	16	1
GSE307660	2173	11	1
GSE307660	2183	12	1
GSE307660	2190	14	1
GSE307660	2206	15	1
GSE307660	2216	21	1
GSE307660	2249	158	1
GSE307660	2260	16	1
GSE307660	2288	54	1
GSE307660	2308	134	1
GSE307660	2317	19	1
GSE307660	2322	13	1
GSE307660	2365	91	1
GSE307660	2399	13	1
GSE307660	2451	65	1
GSE307660	2471	16	1
GSE307660	2473	16	1
GSE307660	2496	129	1
GSE307660	2502	15	1
GSE307660	2565	19	1
GSE307660	2567	27	1
GSE307660	2575	17	1
GSE307660	2650	14	1
GSE307660	2655	17	1
GSE307660	2676	18	1
GSE307660	2682	20	1
GSE307660	2703	18	1
GSE307660	2742	17	1
GSE307660	2749	49	1
GSE307660	2928	16	1
GSE307660	2940	474	1
GSE307660	2951	16	1
GSE307660	2961	23	1
GSE307660	3009	19	1
GSE307660	3074	59	1
GSE307660	3090	16	1
GSE307660	3115	15	1
GSE307660	3216	20	1
GSE307660	3246	79	1
GSE307660	3309	34	1
GSE307660	3343	507	1
GSE307660	3361	30	1
GSE307660	3437	972	1
GSE307660	3535	16	1
GSE307660	3585	20	1
GSE307660	3611	22	1
GSE307660	3612	124	1
GSE307660	3649	18	1
GSE307660	3655	422	1
GSE307660	3703	21	1
GSE307660	3819	20	1
GSE307660	3891	148	1
GSE307660	3905	13	1
GSE307660	3991	17	1
GSE307660	4247	18	1
GSE307660	4314	34	1
GSE307660	4494	29	1
GSE307660	4622	477	1
GSE307660	4696	20	1
GSE307660	4876	25	1
GSE307660	4915	18	1
GSE307660	5241	25	1
GSE307660	5347	189	1
GSE307660	5441	209	1
GSE307660	5510	35	1
GSE307660	5914	24	1
GSE307660	6332	25	1
GSE307660	6689	211	1
GSE307660	6724	22	1
GSE307660	7324	25	1
GSE307660	7594	109	1
GSE307660	7650	1193	1
GSE307660	8078	161	1
GSE307660	8148	372	1
GSE307660	8632	201	1
GSE307660	8882	232	1
GSE307660	8984	362	1
GSE307660	9558	134	1
GSE307660	9991	146	1
GSE307660	10174	37	1
GSE307660	10412	175	1
GSE307660	10795	192	1
GSE307660	10900	279	1
GSE307660	10906	245	1
GSE307660	11914	184	1
GSE307660	12674	1622	1
GSE307660	14400	314	1
GSE307660	17058	318	1
GSE307660	17340	187	1
GSE307660	18329	718	1
GSE307660	19637	392	1
GSE307660	20118	211	1
GSE307660	24014	159	1
GSE307660	24182	471	1
GSE307660	26133	893	1
GSE307660	27445	1057	1
GSE307660	13	12	10
GSE307660	13	13	2
GSE307660	14	11	21
GSE307660	14	13	7
GSE307660	14	14	1
GSE307660	15	15	2
GSE307660	16	13	8
GSE307660	16	14	6
GSE307660	17	11	14
GSE307660	17	13	5
GSE307660	17	15	3
GSE307660	18	15	3
GSE307660	18	16	5
GSE307660	18	17	1
GSE307660	18	18	1
GSE307660	19	13	4
GSE307660	19	14	1
GSE307660	19	17	1
GSE307660	20	13	3
GSE307660	20	15	2
GSE307660	20	16	4
GSE307660	20	18	1
GSE307660	21	13	7
GSE307660	21	16	2
GSE307660	21	17	2
GSE307660	21	18	1
GSE307660	22	13	4
GSE307660	22	14	4
GSE307660	22	16	2
GSE307660	23	14	1
GSE307660	23	17	1
GSE307660	24	10	15
GSE307660	24	13	2
GSE307660	24	14	1
GSE307660	24	15	3
GSE307660	25	12	6
GSE307660	25	14	1
GSE307660	25	15	3
GSE307660	25	17	2
GSE307660	25	18	2
GSE307660	25	19	1
GSE307660	26	12	1
GSE307660	26	15	2
GSE307660	26	16	1
GSE307660	26	17	2
GSE307660	26	19	2
GSE307660	27	18	1
GSE307660	27	20	1
GSE307660	28	13	2
GSE307660	28	15	1
GSE307660	28	16	2
GSE307660	28	19	1
GSE307660	28	20	3
GSE307660	29	13	1
GSE307660	29	16	2
GSE307660	29	19	2
GSE307660	29	21	1
GSE307660	29	27	1
GSE307660	30	13	1
GSE307660	30	16	1
GSE307660	31	15	2
GSE307660	31	16	2
GSE307660	31	18	1
GSE307660	31	19	2
GSE307660	32	14	2
GSE307660	32	15	1
GSE307660	32	16	2
GSE307660	32	19	1
GSE307660	33	21	1
GSE307660	34	14	3
GSE307660	34	27	1
GSE307660	36	12	2
GSE307660	36	14	1
GSE307660	37	18	1
GSE307660	37	22	1
GSE307660	37	25	1
GSE307660	38	19	1
GSE307660	39	17	1
GSE307660	39	18	1
GSE307660	40	20	1
GSE307660	41	15	2
GSE307660	41	16	1
GSE307660	41	23	1
GSE307660	41	25	1
GSE307660	41	27	1
GSE307660	42	13	2
GSE307660	42	14	1
GSE307660	42	18	2
GSE307660	42	25	1
GSE307660	43	12	2
GSE307660	44	15	1
GSE307660	44	16	1
GSE307660	46	10	2
GSE307660	46	11	4
GSE307660	46	28	1
GSE307660	48	11	1
GSE307660	48	22	1
GSE307660	48	24	1
GSE307660	48	30	1
GSE307660	49	15	1
GSE307660	49	30	1
GSE307660	50	13	1
GSE307660	51	17	1
GSE307660	51	21	1
GSE307660	51	23	1
GSE307660	51	27	1
GSE307660	53	17	2
GSE307660	55	23	1
GSE307660	56	41	1
GSE307660	58	25	1
GSE307660	59	25	1
GSE307660	63	26	1
GSE307660	64	12	1
GSE307660	64	32	1
GSE307660	64	42	1
GSE307660	65	16	1
GSE307660	65	23	1
GSE307660	67	17	1
GSE307660	70	1	3
GSE307660	71	1	2
GSE307660	71	19	1
GSE307660	72	24	1
GSE307660	72	40	1
GSE307660	73	39	1
GSE307660	76	5	2
GSE307660	78	37	1
GSE307660	80	7	3
GSE307660	82	4	3
GSE307660	83	1	2
GSE307660	85	1	1
GSE307660	87	2	3
GSE307660	87	6	2
GSE307660	88	1	3
GSE307660	88	4	1
GSE307660	89	5	1
GSE307660	90	5	4
GSE307660	91	1	3
GSE307660	91	26	1
GSE307660	94	3	1
GSE307660	94	5	2
GSE307660	95	18	1
GSE307660	96	19	1
GSE307660	98	3	1
GSE307660	98	4	2
GSE307660	99	2	1
GSE307660	99	5	1
GSE307660	101	1	1
GSE307660	101	7	1
GSE307660	101	37	1
GSE307660	102	1	2
GSE307660	102	4	1
GSE307660	102	5	1
GSE307660	104	5	2
GSE307660	104	8	2
GSE307660	104	26	1
GSE307660	104	55	1
GSE307660	105	2	2
GSE307660	105	6	1
GSE307660	106	4	1
GSE307660	106	21	1
GSE307660	106	24	1
GSE307660	107	1	1
GSE307660	107	4	2
GSE307660	107	6	1
GSE307660	109	1	1
GSE307660	109	3	1
GSE307660	110	2	2
GSE307660	110	3	1
GSE307660	110	11	1
GSE307660	110	20	1
GSE307660	110	22	1
GSE307660	111	1	1
GSE307660	113	5	1
GSE307660	113	6	1
GSE307660	114	1	1
GSE307660	115	1	1
GSE307660	115	36	1
GSE307660	116	6	1
GSE307660	117	1	1
GSE307660	117	2	1
GSE307660	120	3	1
GSE307660	121	1	1
GSE307660	121	8	1
GSE307660	122	6	1
GSE307660	123	24	1
GSE307660	125	1	1
GSE307660	125	4	1
GSE307660	125	6	1
GSE307660	126	4	1
GSE307660	127	5	1
GSE307660	127	7	1
GSE307660	128	8	1
GSE307660	129	3	2
GSE307660	129	7	1
GSE307660	132	1	1
GSE307660	132	5	1
GSE307660	132	7	1
GSE307660	132	8	1
GSE307660	134	5	1
GSE307660	134	34	1
GSE307660	136	1	1
GSE307660	136	32	1
GSE307660	136	48	1
GSE307660	137	6	1
GSE307660	138	2	1
GSE307660	138	6	1
GSE307660	138	19	1
GSE307660	138	55	1
GSE307660	140	1	1
GSE307660	140	2	1
GSE307660	142	5	1
GSE307660	143	3	1
GSE307660	143	5	1
GSE307660	143	6	1
GSE307660	143	9	1
GSE307660	143	62	1
GSE307660	144	2	1
GSE307660	144	3	2
GSE307660	144	53	1
GSE307660	145	1	2
GSE307660	145	6	1
GSE307660	145	9	1
GSE307660	145	35	1
GSE307660	146	6	1
GSE307660	147	1	2
GSE307660	148	2	2
GSE307660	148	11	1
GSE307660	149	2	1
GSE307660	149	5	2
GSE307660	149	8	1
GSE307660	151	4	1
GSE307660	154	2	1
GSE307660	155	6	1
GSE307660	156	2	1
GSE307660	157	2	2
GSE307660	157	10	1
GSE307660	158	2	1
GSE307660	159	5	1
GSE307660	160	4	1
GSE307660	160	8	1
GSE307660	161	3	1
GSE307660	162	1	1
GSE307660	162	6	1
GSE307660	163	11	1
GSE307660	164	3	2
GSE307660	164	4	1
GSE307660	164	8	1
GSE307660	165	1	1
GSE307660	165	2	2
GSE307660	167	2	1
GSE307660	167	6	1
GSE307660	167	28	1
GSE307660	168	3	1
GSE307660	168	6	1
GSE307660	171	6	3
GSE307660	172	7	1
GSE307660	173	7	1
GSE307660	174	8	1
GSE307660	176	2	1
GSE307660	176	5	1
GSE307660	176	6	1
GSE307660	177	93	1
GSE307660	178	7	1
GSE307660	182	2	1
GSE307660	182	17	1
GSE307660	185	5	1
GSE307660	186	5	1
GSE307660	186	6	1
GSE307660	190	3	1
GSE307660	191	4	1
GSE307660	192	4	1
GSE307660	199	5	1
GSE307660	200	13	1
GSE307660	202	6	1
GSE307660	203	7	1
GSE307660	204	4	1
GSE307660	206	8	1
GSE307660	212	7	2
GSE307660	212	21	1
GSE307660	215	5	1
GSE307660	216	7	1
GSE307660	219	5	1
GSE307660	228	1	1
GSE307660	228	5	1
GSE307660	229	2	1
GSE307660	231	10	1
GSE307660	238	10	1
GSE307660	238	13	1
GSE307660	244	3	1
GSE307660	244	8	1
GSE307660	245	9	1
GSE307660	250	3	1
GSE307660	250	11	1
GSE307660	250	37	1
GSE307660	251	2	1
GSE307660	251	6	1
GSE307660	260	1	1
GSE307660	260	5	1
GSE307660	260	20	1
GSE307660	261	7	1
GSE307660	263	1	1
GSE307660	265	1	1
GSE307660	266	8	1
GSE307660	266	42	1
GSE307660	270	6	1
GSE307660	270	13	2
GSE307660	270	76	1
GSE307660	276	10	2
GSE307660	277	8	1
GSE307660	281	2	1
GSE307660	287	8	1
GSE307660	288	21	1
GSE307660	292	7	1
GSE307660	293	7	1
GSE307660	295	2	1
GSE307660	296	6	1
GSE307660	296	11	1
GSE307660	297	3	1
GSE307660	298	9	1
GSE307660	304	8	1
GSE307660	305	59	1
GSE307660	307	6	1
GSE307660	311	17	1
GSE307660	316	11	1
GSE307660	317	5	1
GSE307660	326	4	1
GSE307660	327	3	1
GSE307660	328	4	1
GSE307660	329	9	1
GSE307660	338	9	1
GSE307660	340	4	1
GSE307660	342	6	1
GSE307660	348	4	1
GSE307660	354	2	1
GSE307660	356	10	1
GSE307660	361	9	1
GSE307660	361	15	1
GSE307660	362	10	1
GSE307660	367	4	1
GSE307660	367	11	1
GSE307660	367	69	1
GSE307660	368	4	1
GSE307660	374	10	1
GSE307660	374	17	1
GSE307660	374	40	1
GSE307660	375	3	1
GSE307660	378	6	1
GSE307660	380	9	1
GSE307660	380	50	2
GSE307660	383	3	1
GSE307660	383	6	1
GSE307660	387	6	1
GSE307660	392	8	1
GSE307660	402	9	1
GSE307660	407	14	1
GSE307660	413	2	1
GSE307660	414	4	1
GSE307660	417	8	1
GSE307660	421	3	1
GSE307660	429	13	1
GSE307660	429	49	1
GSE307660	431	2	1
GSE307660	434	4	1
GSE307660	436	3	1
GSE307660	445	6	1
GSE307660	446	12	1
GSE307660	447	10	1
GSE307660	449	8	1
GSE307660	449	12	1
GSE307660	453	5	1
GSE307660	462	4	1
GSE307660	465	12	1
GSE307660	466	15	1
GSE307660	471	12	1
GSE307660	472	10	1
GSE307660	473	10	1
GSE307660	474	5	1
GSE307660	490	4	1
GSE307660	495	10	1
GSE307660	508	9	1
GSE307660	512	9	1
GSE307660	514	3	1
GSE307660	517	6	1
GSE307660	524	9	1
GSE307660	526	3	1
GSE307660	528	3	1
GSE307660	528	8	1
GSE307660	531	6	1
GSE307660	531	8	1
GSE307660	533	5	1
GSE307660	537	8	1
GSE307660	540	5	1
GSE307660	542	22	1
GSE307660	547	18	1
GSE307660	548	4	1
GSE307660	552	6	1
GSE307660	554	5	1
GSE307660	555	6	1
GSE307660	556	3	1
GSE307660	557	69	1
GSE307660	558	8	1
GSE307660	559	3	1
GSE307660	561	51	1
GSE307660	562	8	1
GSE307660	563	6	1
GSE307660	568	7	1
GSE307660	570	5	1
GSE307660	572	12	1
GSE307660	576	5	1
GSE307660	580	6	1
GSE307660	582	4	1
GSE307660	587	5	1
GSE307660	591	4	1
GSE307660	591	6	1
GSE307660	593	10	1
GSE307660	595	10	1
GSE307660	600	8	1
GSE307660	600	56	1
GSE307660	617	3	1
GSE307660	622	6	1
GSE307660	634	7	1
GSE307660	643	13	1
GSE307660	647	4	1
GSE307660	647	8	1
GSE307660	653	7	1
GSE307660	654	5	1
GSE307660	667	4	1
GSE307660	668	4	1
GSE307660	668	11	1
GSE307660	676	6	1
GSE307660	677	6	1
GSE307660	680	7	1
GSE307660	681	9	1
GSE307660	691	11	1
GSE307660	703	5	1
GSE307660	707	4	1
GSE307660	716	5	1
GSE307660	724	16	1
GSE307660	725	6	1
GSE307660	728	3	1
GSE307660	732	38	1
GSE307660	737	7	1
GSE307660	740	13	1
GSE307660	745	8	1
GSE307660	750	5	1
GSE307660	752	6	1
GSE307660	753	7	1
GSE307660	761	15	1
GSE307660	764	7	1
GSE307660	770	7	1
GSE307660	777	10	1
GSE307660	779	40	1
GSE307660	781	90	1
GSE307660	794	5	1
GSE307660	795	9	1
GSE307660	813	8	1
GSE307660	815	3	1
GSE307660	830	7	1
GSE307660	832	20	1
GSE307660	837	163	1
GSE307660	857	9	1
GSE307660	858	16	1
GSE307660	865	7	1
GSE307660	867	10	1
GSE307660	885	70	1
GSE307660	893	8	1
GSE307660	899	7	1
GSE307660	905	8	1
GSE307660	919	5	1
GSE307660	921	7	1
GSE307660	921	9	1
GSE307660	927	174	1
GSE307660	936	7	1
GSE307660	939	10	1
GSE307660	947	8	1
GSE307660	952	10	1
GSE307660	959	8	1
GSE307660	966	5	1
GSE307660	972	9	1
GSE307660	977	8	1
GSE307660	978	4	1
GSE307660	983	8	1
GSE307660	986	5	1
GSE307660	992	9	1
GSE307660	999	9	1
GSE307660	1007	5	1
GSE307660	1007	19	1
GSE307660	1022	7	1
GSE307660	1041	8	1
GSE307660	1042	123	1
GSE307660	1050	8	1
GSE307660	1056	171	1
GSE307660	1056	380	1
GSE307660	1060	17	1
GSE307660	1069	21	1
GSE307660	1070	14	1
GSE307660	1076	7	1
GSE307660	1080	11	1
GSE307660	1084	7	1
GSE307660	1092	6	1
GSE307660	1110	18	1
GSE307660	1128	7	1
GSE307660	1131	15	1
GSE307660	1132	10	1
GSE307660	1142	5	1
GSE307660	1144	17	1
GSE307660	1149	8	1
GSE307660	1150	9	1
GSE307660	1165	7	1
GSE307660	1174	16	1
GSE307660	1182	19	1
GSE307660	1184	5	1
GSE307660	1191	9	1
GSE307660	1231	18	1
GSE307660	1234	9	1
GSE307660	1236	10	1
GSE307660	1262	5	1
GSE307660	1271	138	1
GSE307660	1285	10	1
GSE307660	1299	14	1
GSE307660	1300	119	1
GSE307660	1305	9	1
GSE307660	1311	9	1
GSE307660	1324	11	1
GSE307660	1333	7	1
GSE307660	1347	9	1
GSE307660	1353	19	1
GSE307660	1353	98	1
GSE307660	1355	11	1
GSE307660	1364	17	1
GSE307660	1369	73	1
GSE307660	1378	129	1
GSE307660	1379	13	1
GSE307660	1392	10	1
GSE307660	1395	7	1
GSE307660	1396	5	1
GSE307660	1397	7	1
GSE307660	1401	11	1
GSE307660	1406	21	1
GSE307660	1408	10	1
GSE307660	1413	10	1
GSE307660	1414	6	1
GSE307660	1419	10	1
GSE307660	1425	11	1
GSE307660	1431	11	1
GSE307660	1449	10	1
GSE307660	1456	4	1
GSE307660	1456	6	1
GSE307660	1458	14	1
GSE307660	1466	9	1
GSE307660	1479	6	1
GSE307660	1484	11	1
GSE307660	1496	8	1
GSE307660	1503	248	1
GSE307660	1514	18	1
GSE307660	1518	14	1
GSE307660	1546	7	1
GSE307660	1548	9	1
GSE307660	1557	10	1
GSE307660	1559	8	1
GSE307660	1562	191	1
GSE307660	1575	12	1
GSE307660	1605	9	1
GSE307660	1605	12	1
GSE307660	1607	8	1
GSE307660	1610	10	1
GSE307660	1611	7	1
GSE307660	1619	4	1
GSE307660	1626	14	1
GSE307660	1633	3	1
GSE307660	1637	8	1
GSE307660	1644	9	1
GSE307660	1645	9	1
GSE307660	1646	7	1
GSE307660	1657	48	1
GSE307660	1670	6	1
GSE307660	1673	9	1
GSE307660	1678	6	1
GSE307660	1680	53	1
GSE307660	1703	13	1
GSE307660	1721	6	1
GSE307660	1725	10	1
GSE307660	1730	14	1
GSE307660	1744	182	1
GSE307660	1751	9	1
GSE307660	1759	15	1
GSE307660	1783	389	1
GSE307660	1784	9	1
GSE307660	1795	82	1
GSE307660	1807	262	1
GSE307660	1810	9	1
GSE307660	1823	7	1
GSE307660	1824	7	1
GSE307660	1843	9	1
GSE307660	1848	9	1
GSE307660	1848	13	1
GSE307660	1850	16	1
GSE307660	1884	8	1
GSE307660	1895	11	1
GSE307660	1912	23	1
GSE307660	1930	7	1
GSE307660	1932	8	1
GSE307660	1939	23	1
GSE307660	1961	10	1
GSE307660	1978	8	1
GSE307660	1986	12	1
GSE307660	1990	9	1
GSE307660	2037	9	1
GSE307660	2042	121	1
GSE307660	2093	97	1
GSE307660	2095	15	1
GSE307660	2101	8	1
GSE307660	2106	5	1
GSE307660	2115	11	1
GSE307660	2123	507	1
GSE307660	2148	13	1
GSE307660	2148	148	1
GSE307660	2155	157	1
GSE307660	2161	7	1
GSE307660	2161	123	1
GSE307660	2165	11	1
GSE307660	2168	15	1
GSE307660	2186	14	1
GSE307660	2207	396	1
GSE307660	2211	16	1
GSE307660	2223	12	1
GSE307660	2265	17	1
GSE307660	2275	18	1
GSE307660	2295	11	1
GSE307660	2298	8	1
GSE307660	2306	15	1
GSE307660	2307	11	1
GSE307660	2313	65	1
GSE307660	2320	10	1
GSE307660	2338	12	1
GSE307660	2343	74	1
GSE307660	2377	14	1
GSE307660	2389	16	1
GSE307660	2394	26	1
GSE307660	2428	13	1
GSE307660	2435	26	1
GSE307660	2466	14	1
GSE307660	2473	8	1
GSE307660	2486	12	1
GSE307660	2497	18	1
GSE307660	2516	8	1
GSE307660	2536	13	1
GSE307660	2537	11	1
GSE307660	2558	9	1
GSE307660	2562	10	1
GSE307660	2573	16	1
GSE307660	2583	14	1
GSE307660	2587	98	1
GSE307660	2612	14	1
GSE307660	2623	26	1
GSE307660	2650	12	1
GSE307660	2653	91	1
GSE307660	2664	61	1
GSE307660	2679	37	1
GSE307660	2730	18	1
GSE307660	2733	19	1
GSE307660	2742	19	1
GSE307660	2749	293	1
GSE307660	2784	10	1
GSE307660	2784	19	1
GSE307660	2792	11	1
GSE307660	2799	13	1
GSE307660	2819	93	1
GSE307660	2842	16	1
GSE307660	2939	17	1
GSE307660	2944	9	1
GSE307660	2952	18	1
GSE307660	2971	11	1
GSE307660	2973	20	1
GSE307660	2982	16	1
GSE307660	3050	123	1
GSE307660	3053	99	1
GSE307660	3054	12	1
GSE307660	3116	358	1
GSE307660	3127	15	1
GSE307660	3134	15	1
GSE307660	3150	16	1
GSE307660	3177	16	1
GSE307660	3184	17	1
GSE307660	3198	6	1
GSE307660	3237	16	1
GSE307660	3243	20	1
GSE307660	3244	17	1
GSE307660	3256	15	1
GSE307660	3286	170	1
GSE307660	3335	156	1
GSE307660	3362	13	1
GSE307660	3427	85	1
GSE307660	3475	11	1
GSE307660	3484	15	1
GSE307660	3519	152	1
GSE307660	3541	18	1
GSE307660	3543	19	1
GSE307660	3551	197	1
GSE307660	3619	18	1
GSE307660	3624	12	1
GSE307660	3635	15	1
GSE307660	3640	21	1
GSE307660	3644	23	1
GSE307660	3658	168	1
GSE307660	3675	28	1
GSE307660	3714	24	1
GSE307660	3774	17	1
GSE307660	3801	14	1
GSE307660	3832	23	1
GSE307660	3848	11	1
GSE307660	3855	15	1
GSE307660	3863	22	1
GSE307660	3894	19	1
GSE307660	3999	15	1
GSE307660	4002	95	1
GSE307660	4074	16	1
GSE307660	4099	10	1
GSE307660	4128	15	1
GSE307660	4150	26	1
GSE307660	4165	15	1
GSE307660	4198	16	1
GSE307660	4198	21	1
GSE307660	4199	12	1
GSE307660	4252	16	1
GSE307660	4329	12	1
GSE307660	4395	16	1
GSE307660	4413	22	1
GSE307660	4440	23	1
GSE307660	4461	30	1
GSE307660	4505	173	1
GSE307660	4559	47	1
GSE307660	4622	21	1
GSE307660	4624	26	1
GSE307660	4634	584	1
GSE307660	4637	19	1
GSE307660	4733	17	1
GSE307660	4749	18	1
GSE307660	4790	17	1
GSE307660	4816	22	1
GSE307660	4916	19	1
GSE307660	5006	20	1
GSE307660	5030	23	1
GSE307660	5039	25	1
GSE307660	5066	575	1
GSE307660	5113	567	1
GSE307660	5134	19	1
GSE307660	5139	13	1
GSE307660	5226	28	1
GSE307660	5328	538	1
GSE307660	5529	918	1
GSE307660	5554	21	1
GSE307660	5822	298	1
GSE307660	5920	22	1
GSE307660	6044	24	1
GSE307660	6047	18	1
GSE307660	6055	63	1
GSE307660	6128	178	1
GSE307660	6274	26	1
GSE307660	6286	21	1
GSE307660	6300	25	1
GSE307660	6386	22	1
GSE307660	6482	31	1
GSE307660	6704	20	1
GSE307660	6760	30	1
GSE307660	6892	343	1
GSE307660	7095	142	1
GSE307660	7114	122	1
GSE307660	7552	37	1
GSE307660	7589	86	1
GSE307660	7816	30	1
GSE307660	7884	27	1
GSE307660	7935	27	1
GSE307660	8027	17	1
GSE307660	8301	28	1
GSE307660	8886	280	1
GSE307660	9293	40	1
GSE307660	9302	24	1
GSE307660	11661	268	1
GSE307660	12550	322	1
GSE307660	12686	105	1
GSE307660	12770	233	1
GSE307660	13235	283	1
GSE307660	13504	43	1
GSE307660	15874	250	1
GSE307660	18300	364	1
GSE307660	18925	218	1
GSE307660	19485	242	1
GSE307660	20306	767	1
GSE307660	21916	66	1
GSE307660	23145	518	1
GSE307660	24906	518	1
GSE307660	25947	251	1
GSE307660	26057	239	1
GSE307660	30147	228	1
GSE307660	31095	472	1
GSE307660	31677	203	1
GSE307660	35736	622	1
GSE307660	35773	755	1
GSE307660	24	17	1
GSE307660	29	12	2
GSE307660	32	11	2
GSE307660	38	12	3
GSE307660	42	10	4
GSE307660	49	14	1
GSE307660	49	20	1
GSE307660	51	15	1
GSE307660	60	12	1
GSE307660	64	8	5
GSE307660	65	38	1
GSE307660	77	26	2
GSE307660	85	4	1
GSE307660	86	1	1
GSE307660	89	1	1
GSE307660	92	1	1
GSE307660	93	1	2
GSE307660	103	7	2
GSE307660	109	2	2
GSE307660	110	5	1
GSE307660	118	2	1
GSE307660	119	46	1
GSE307660	120	4	1
GSE307660	124	2	1
GSE307660	125	2	1
GSE307660	125	3	1
GSE307660	126	2	1
GSE307660	127	22	1
GSE307660	129	2	1
GSE307660	131	6	1
GSE307660	132	2	2
GSE307660	134	4	1
GSE307660	137	5	1
GSE307660	139	5	1
GSE307660	139	14	1
GSE307660	146	5	1
GSE307660	146	7	1
GSE307660	150	4	1
GSE307660	152	3	1
GSE307660	153	2	1
GSE307660	153	5	1
GSE307660	156	1	1
GSE307660	156	26	1
GSE307660	157	3	2
GSE307660	171	9	1
GSE307660	172	34	1
GSE307660	178	2	1
GSE307660	180	2	1
GSE307660	186	4	1
GSE307660	188	7	1
GSE307660	189	6	1
GSE307660	189	45	1
GSE307660	190	16	1
GSE307660	191	1	1
GSE307660	192	7	1
GSE307660	193	4	1
GSE307660	195	6	1
GSE307660	196	3	1
GSE307660	201	5	1
GSE307660	212	3	1
GSE307660	215	2	1
GSE307660	219	7	1
GSE307660	224	1	1
GSE307660	225	6	1
GSE307660	226	2	1
GSE307660	235	1	1
GSE307660	235	4	1
GSE307660	240	3	1
GSE307660	242	7	1
GSE307660	243	7	1
GSE307660	248	2	1
GSE307660	252	4	1
GSE307660	252	6	1
GSE307660	256	2	1
GSE307660	261	1	1
GSE307660	272	12	1
GSE307660	273	4	1
GSE307660	290	45	1
GSE307660	308	4	1
GSE307660	310	2	1
GSE307660	314	4	1
GSE307660	321	9	1
GSE307660	333	4	1
GSE307660	342	4	1
GSE307660	345	9	1
GSE307660	348	5	1
GSE307660	358	2	1
GSE307660	363	2	1
GSE307660	367	9	1
GSE307660	370	17	1
GSE307660	390	4	1
GSE307660	393	4	1
GSE307660	397	61	1
GSE307660	398	3	1
GSE307660	409	5	1
GSE307660	425	4	1
GSE307660	433	2	1
GSE307660	438	4	1
GSE307660	449	3	1
GSE307660	483	6	1
GSE307660	493	15	1
GSE307660	504	8	1
GSE307660	512	4	1
GSE307660	523	7	1
GSE307660	529	6	1
GSE307660	533	6	1
GSE307660	549	5	1
GSE307660	551	6	1
GSE307660	555	5	1
GSE307660	558	5	1
GSE307660	574	4	1
GSE307660	578	5	1
GSE307660	598	9	1
GSE307660	610	8	1
GSE307660	621	13	1
GSE307660	643	2	1
GSE307660	644	5	1
GSE307660	644	12	1
GSE307660	649	8	1
GSE307660	662	11	1
GSE307660	668	6	1
GSE307660	684	6	1
GSE307660	695	10	1
GSE307660	700	6	1
GSE307660	703	4	1
GSE307660	709	10	1
GSE307660	718	6	1
GSE307660	737	4	1
GSE307660	739	6	1
GSE307660	755	3	1
GSE307660	766	5	1
GSE307660	767	8	1
GSE307660	773	3	1
GSE307660	773	13	1
GSE307660	778	10	1
GSE307660	779	10	1
GSE307660	779	72	1
GSE307660	783	10	1
GSE307660	808	7	1
GSE307660	812	15	1
GSE307660	819	17	1
GSE307660	828	6	1
GSE307660	841	8	1
GSE307660	856	6	1
GSE307660	860	9	1
GSE307660	867	7	1
GSE307660	868	13	1
GSE307660	871	7	1
GSE307660	916	6	1
GSE307660	919	16	1
GSE307660	920	9	1
GSE307660	938	7	1
GSE307660	944	53	1
GSE307660	947	11	1
GSE307660	958	8	1
GSE307660	958	11	1
GSE307660	959	10	1
GSE307660	968	5	1
GSE307660	988	4	1
GSE307660	1046	7	1
GSE307660	1056	7	1
GSE307660	1087	16	1
GSE307660	1096	14	1
GSE307660	1098	10	1
GSE307660	1163	20	1
GSE307660	1171	5	1
GSE307660	1188	6	1
GSE307660	1217	7	1
GSE307660	1235	23	1
GSE307660	1239	6	1
GSE307660	1262	7	1
GSE307660	1262	11	1
GSE307660	1292	9	1
GSE307660	1327	8	1
GSE307660	1537	11	1
GSE307660	1544	19	1
GSE307660	1547	12	1
GSE307660	1583	13	1
GSE307660	1595	26	1
GSE307660	1601	9	1
GSE307660	1647	18	1
GSE307660	1682	7	1
GSE307660	1722	11	1
GSE307660	1785	13	1
GSE307660	1806	13	1
GSE307660	1904	13	1
GSE307660	1911	13	1
GSE307660	2064	10	1
GSE307660	2076	14	1
GSE307660	2098	14	1
GSE307660	2226	13	1
GSE307660	2248	10	1
GSE307660	2312	22	1
GSE307660	2365	9	1
GSE307660	2451	14	1
GSE307660	2460	30	1
GSE307660	2469	13	1
GSE307660	2518	14	1
GSE307660	2623	11	1
GSE307660	2623	12	1
GSE307660	2637	17	1
GSE307660	2639	14	1
GSE307660	2702	25	1
GSE307660	2834	18	1
GSE307660	2863	19	1
GSE307660	2900	18	1
GSE307660	2906	19	1
GSE307660	2983	16	1
GSE307660	3009	7	1
GSE307660	3038	28	1
GSE307660	3093	18	1
GSE307660	3108	115	1
GSE307660	3211	9	1
GSE307660	3221	16	1
GSE307660	3242	18	1
GSE307660	3257	342	1
GSE307660	3270	34	1
GSE307660	3315	28	1
GSE307660	3398	20	1
GSE307660	3540	21	1
GSE307660	3564	15	1
GSE307660	3664	25	1
GSE307660	3886	23	1
GSE307660	4071	43	1
GSE307660	4178	28	1
GSE307660	4274	55	1
GSE307660	4385	22	1
GSE307660	4612	23	1
GSE307660	4852	19	1
GSE307660	4881	30	1
GSE307660	4924	25	1
GSE307660	5073	25	1
GSE307660	5093	23	1
GSE307660	5139	26	1
GSE307660	5335	26	1
GSE307660	5383	26	1
GSE307660	5470	31	1
GSE307660	5862	17	1
GSE307660	6036	32	1
GSE307660	6708	161	1
GSE307660	6826	117	1
GSE307660	6976	32	1
GSE307660	7292	30	1
GSE307660	7548	30	1
GSE307660	7888	37	1
GSE307660	7987	28	1
GSE307660	8438	185	1
GSE307660	8836	31	1
GSE307660	9234	36	1
GSE307660	9499	33	1
GSE307660	9518	36	1
GSE307660	9619	34	1
GSE307660	10015	35	1
GSE307660	10793	72	1
GSE307660	12413	263	1
GSE307660	13793	233	1
GSE307660	15256	317	1
GSE307660	15972	61	1
GSE307660	17491	54	1
GSE307660	26593	543	1
GSE307660	29118	261	1
GSE307660	47	12	1
GSE307660	54	8	5
GSE307660	66	13	1
GSE307660	71	8	2
GSE307660	76	10	1
GSE307660	81	8	1
GSE307660	85	13	1
GSE307660	87	8	1
GSE307660	93	9	2
GSE307660	94	11	1
GSE307660	97	5	1
GSE307660	97	10	1
GSE307660	98	9	1
GSE307660	100	10	1
GSE307660	107	19	1
GSE307660	108	8	1
GSE307660	115	8	1
GSE307660	120	12	1
GSE307660	126	6	1
GSE307660	130	7	1
GSE307660	136	7	1
GSE307660	136	14	1
GSE307660	141	6	1
GSE307660	148	13	1
GSE307660	166	12	1
GSE307660	175	10	1
GSE307660	185	12	1
GSE307660	241	15	1
GSE307660	405	22	1
GSE307660	457	19	1
GSE307660	946	35	1
GSE307660	967	32	1
GSE307660	982	33	1
GSE307660	1009	31	1
GSE307660	2411	60	1
GSE307660	2929	56	1
GSE307660	3780	65	1
GSE307660	4117	71	1
GSE307660	29	14	1
GSE307660	33	15	1
GSE307660	361	27	1
GSE307660	17572	168	1
GSE307660	23	12	2
GSE307660	33	12	2
GSE307660	33	14	1
GSE307660	35	13	1
GSE307660	37	12	1
GSE307660	37	16	1
GSE307660	39	11	3
GSE307660	40	13	1
GSE307660	40	14	1
GSE307660	40	15	1
GSE307660	41	12	1
GSE307660	43	10	1
GSE307660	43	11	2
GSE307660	44	12	1
GSE307660	44	13	1
GSE307660	45	25	1
GSE307660	46	21	1
GSE307660	48	13	2
GSE307660	48	15	1
GSE307660	49	11	1
GSE307660	51	9	1
GSE307660	51	10	1
GSE307660	54	10	1
GSE307660	57	14	1
GSE307660	58	10	1
GSE307660	58	11	1
GSE307660	59	9	1
GSE307660	60	7	3
GSE307660	62	10	1
GSE307660	62	15	1
GSE307660	65	10	1
GSE307660	66	14	1
GSE307660	67	9	2
GSE307660	68	21	1
GSE307660	69	14	1
GSE307660	70	11	1
GSE307660	70	12	1
GSE307660	71	20	1
GSE307660	72	7	1
GSE307660	72	11	1
GSE307660	75	9	1
GSE307660	76	12	1
GSE307660	78	10	1
GSE307660	78	16	1
GSE307660	81	9	3
GSE307660	83	10	1
GSE307660	85	7	1
GSE307660	85	12	1
GSE307660	86	29	1
GSE307660	87	10	1
GSE307660	88	6	1
GSE307660	88	19	1
GSE307660	90	7	1
GSE307660	92	12	1
GSE307660	93	6	1
GSE307660	96	14	1
GSE307660	97	6	1
GSE307660	99	9	1
GSE307660	101	17	1
GSE307660	105	9	1
GSE307660	106	8	1
GSE307660	107	9	1
GSE307660	107	10	1
GSE307660	109	10	2
GSE307660	110	8	1
GSE307660	111	11	1
GSE307660	119	8	1
GSE307660	119	13	1
GSE307660	121	33	1
GSE307660	123	9	1
GSE307660	126	14	1
GSE307660	135	13	1
GSE307660	144	15	1
GSE307660	149	27	1
GSE307660	155	37	1
GSE307660	186	8	1
GSE307660	216	37	1
GSE307660	218	16	1
GSE307660	244	20	1
GSE307660	246	70	1
GSE307660	253	53	1
GSE307660	294	48	1
GSE307660	297	61	1
GSE307660	334	31	1
GSE307660	342	46	1
GSE307660	456	45	1
GSE307660	819	113	1
GSE307660	844	46	1
GSE307660	1345	43	1
GSE307660	1589	38	1
GSE307660	1705	190	1
GSE307660	1779	24	1
GSE307660	1925	72	1
GSE307660	3059	81	1
GSE307660	3614	145	1
GSE307660	3709	76	1
GSE307660	4231	104	1
GSE307660	5460	89	1
GSE307660	5631	95	1
GSE307660	6909	80	1
GSE307660	10172	244	1
GSE307660	16236	183	1
GSE307660	21201	109	1
GSE307660	32126	275	1
GSE307660	33	13	1
GSE307660	35	12	1
GSE307660	35	15	1
GSE307660	36	17	1
GSE307660	37	13	2
GSE307660	39	14	1
GSE307660	42	12	1
GSE307660	44	14	1
GSE307660	46	16	1
GSE307660	49	13	1
GSE307660	59	13	1
GSE307660	72	18	1
GSE307660	75	16	1
GSE307660	84	21	1
GSE307660	107	16	1
GSE307660	140	63	1
GSE307660	152	31	1
GSE307660	1788	122	1
GSE276974	1	1	73006938
GSE276974	2	1	41739593
GSE276974	2	2	2847660
GSE276974	3	1	30513718
GSE276974	3	2	2915692
GSE276974	3	3	113485
GSE276974	4	1	20639183
GSE276974	4	2	2460817
GSE276974	4	3	105776
GSE276974	4	4	20301
GSE276974	5	1	13095014
GSE276974	5	2	1850476
GSE276974	5	3	87706
GSE276974	5	4	19102
GSE276974	5	5	4835
GSE276974	6	1	7772562
GSE276974	6	2	1253485
GSE276974	6	3	63924
GSE276974	6	4	14602
GSE276974	6	5	4683
GSE276974	6	6	1087
GSE276974	7	1	4347386
GSE276974	7	2	784779
GSE276974	7	3	43350
GSE276974	7	4	10196
GSE276974	7	5	3607
GSE276974	7	6	1281
GSE276974	7	7	273
GSE276974	8	1	2334685
GSE276974	8	2	465080
GSE276974	8	3	28332
GSE276974	8	4	6786
GSE276974	8	5	2661
GSE276974	8	6	1055
GSE276974	8	7	330
GSE276974	8	8	62
GSE276974	9	1	1209309
GSE276974	9	2	262422
GSE276974	9	3	17479
GSE276974	9	4	4364
GSE276974	9	5	1736
GSE276974	9	6	714
GSE276974	9	7	305
GSE276974	9	8	95
GSE276974	9	9	20
GSE276974	10	1	613072
GSE276974	10	2	145071
GSE276974	10	3	10559
GSE276974	10	4	2783
GSE276974	10	5	1141
GSE276974	10	6	485
GSE276974	10	7	236
GSE276974	10	8	75
GSE276974	10	9	27
GSE276974	10	10	6
GSE276974	11	1	311816
GSE276974	11	2	79159
GSE276974	11	3	6489
GSE276974	11	4	1826
GSE276974	11	5	794
GSE276974	11	6	362
GSE276974	11	7	156
GSE276974	11	8	88
GSE276974	11	9	26
GSE276974	11	10	5
GSE276974	11	11	2
GSE276974	12	1	159694
GSE276974	12	2	43352
GSE276974	12	3	3851
GSE276974	12	4	1207
GSE276974	12	5	542
GSE276974	12	6	252
GSE276974	12	7	104
GSE276974	12	8	52
GSE276974	12	9	22
GSE276974	12	10	6
GSE276974	13	1	83967
GSE276974	13	2	24325
GSE276974	13	3	2438
GSE276974	13	4	830
GSE276974	13	5	401
GSE276974	13	6	173
GSE276974	13	7	91
GSE276974	13	8	37
GSE276974	13	9	25
GSE276974	13	10	9
GSE276974	13	11	6
GSE276974	14	1	45334
GSE276974	14	2	13465
GSE276974	14	3	1559
GSE276974	14	4	542
GSE276974	14	5	299
GSE276974	14	6	127
GSE276974	14	7	66
GSE276974	14	8	25
GSE276974	14	9	15
GSE276974	14	10	10
GSE276974	14	11	2
GSE276974	14	13	1
GSE276974	15	1	24278
GSE276974	15	2	7766
GSE276974	15	3	1008
GSE276974	15	4	427
GSE276974	15	5	221
GSE276974	15	6	99
GSE276974	15	7	66
GSE276974	15	8	35
GSE276974	15	9	15
GSE276974	15	10	9
GSE276974	15	11	7
GSE276974	15	13	1
GSE276974	16	1	13365
GSE276974	16	2	4337
GSE276974	16	3	627
GSE276974	16	4	363
GSE276974	16	5	162
GSE276974	16	6	88
GSE276974	16	7	41
GSE276974	16	8	21
GSE276974	16	9	10
GSE276974	16	10	4
GSE276974	16	11	4
GSE276974	17	1	7370
GSE276974	17	2	2448
GSE276974	17	3	406
GSE276974	17	4	231
GSE276974	17	5	144
GSE276974	17	6	82
GSE276974	17	7	43
GSE276974	17	8	19
GSE276974	17	9	17
GSE276974	17	10	11
GSE276974	17	11	6
GSE276974	17	12	4
GSE276974	18	1	3926
GSE276974	18	2	1447
GSE276974	18	3	302
GSE276974	18	4	182
GSE276974	18	5	120
GSE276974	18	6	52
GSE276974	18	7	21
GSE276974	18	8	14
GSE276974	18	10	6
GSE276974	18	11	3
GSE276974	18	12	5
GSE276974	18	13	2
GSE276974	19	1	2166
GSE276974	19	2	801
GSE276974	19	3	226
GSE276974	19	4	141
GSE276974	19	5	100
GSE276974	19	6	53
GSE276974	19	7	21
GSE276974	19	8	13
GSE276974	19	9	8
GSE276974	19	10	5
GSE276974	19	11	2
GSE276974	19	12	2
GSE276974	20	1	1219
GSE276974	20	2	477
GSE276974	20	3	150
GSE276974	20	4	95
GSE276974	20	5	66
GSE276974	20	6	40
GSE276974	20	7	30
GSE276974	20	8	12
GSE276974	20	9	6
GSE276974	20	10	1
GSE276974	20	11	4
GSE276974	21	1	655
GSE276974	21	2	337
GSE276974	21	3	135
GSE276974	21	4	77
GSE276974	21	5	77
GSE276974	21	6	24
GSE276974	21	7	21
GSE276974	21	8	10
GSE276974	21	9	2
GSE276974	21	10	5
GSE276974	21	12	3
GSE276974	21	13	3
GSE276974	22	1	389
GSE276974	22	2	192
GSE276974	22	3	79
GSE276974	22	4	71
GSE276974	22	5	61
GSE276974	22	6	26
GSE276974	22	7	22
GSE276974	22	9	5
GSE276974	22	11	3
GSE276974	22	12	2
GSE276974	22	13	1
GSE276974	22	15	1
GSE276974	23	1	214
GSE276974	23	2	124
GSE276974	23	3	78
GSE276974	23	4	57
GSE276974	23	5	54
GSE276974	23	6	24
GSE276974	23	7	22
GSE276974	23	8	8
GSE276974	23	10	3
GSE276974	23	11	2
GSE276974	24	1	152
GSE276974	24	2	91
GSE276974	24	3	59
GSE276974	24	4	58
GSE276974	24	5	31
GSE276974	24	6	25
GSE276974	24	7	5
GSE276974	24	8	11
GSE276974	24	9	4
GSE276974	24	10	6
GSE276974	24	12	2
GSE276974	24	13	3
GSE276974	25	1	112
GSE276974	25	2	58
GSE276974	25	3	38
GSE276974	25	4	41
GSE276974	25	5	30
GSE276974	25	6	24
GSE276974	25	7	16
GSE276974	25	8	7
GSE276974	25	12	4
GSE276974	26	1	63
GSE276974	26	2	49
GSE276974	26	3	49
GSE276974	26	4	32
GSE276974	26	5	35
GSE276974	26	6	16
GSE276974	26	7	9
GSE276974	26	11	3
GSE276974	26	13	1
GSE276974	26	14	1
GSE276974	27	1	49
GSE276974	27	2	42
GSE276974	27	3	31
GSE276974	27	4	34
GSE276974	27	5	16
GSE276974	27	6	17
GSE276974	27	7	15
GSE276974	27	10	2
GSE276974	27	16	2
GSE276974	28	1	47
GSE276974	28	2	32
GSE276974	28	3	27
GSE276974	28	4	25
GSE276974	28	5	26
GSE276974	28	6	9
GSE276974	28	7	11
GSE276974	28	8	8
GSE276974	28	9	4
GSE276974	29	1	46
GSE276974	29	2	26
GSE276974	29	3	19
GSE276974	29	4	21
GSE276974	29	5	15
GSE276974	29	6	10
GSE276974	29	7	11
GSE276974	29	8	5
GSE276974	29	9	3
GSE276974	29	12	2
GSE276974	29	13	2
GSE276974	29	15	1
GSE276974	29	18	1
GSE276974	30	1	24
GSE276974	30	2	29
GSE276974	30	3	9
GSE276974	30	4	19
GSE276974	30	5	21
GSE276974	30	6	11
GSE276974	30	7	9
GSE276974	30	8	4
GSE276974	30	11	3
GSE276974	31	1	26
GSE276974	31	2	17
GSE276974	31	3	12
GSE276974	31	4	13
GSE276974	31	5	13
GSE276974	31	6	6
GSE276974	31	7	8
GSE276974	31	8	3
GSE276974	32	1	13
GSE276974	32	2	13
GSE276974	32	3	12
GSE276974	32	4	9
GSE276974	32	5	9
GSE276974	32	6	9
GSE276974	32	7	6
GSE276974	33	2	14
GSE276974	33	4	15
GSE276974	33	5	10
GSE276974	33	6	9
GSE276974	33	7	3
GSE276974	33	12	1
GSE276974	34	2	16
GSE276974	34	3	7
GSE276974	34	4	11
GSE276974	34	5	6
GSE276974	34	6	9
GSE276974	34	7	3
GSE276974	34	13	1
GSE276974	35	2	13
GSE276974	35	3	8
GSE276974	35	4	7
GSE276974	35	5	10
GSE276974	35	6	6
GSE276974	35	7	5
GSE276974	35	17	1
GSE276974	36	1	6
GSE276974	36	2	12
GSE276974	36	3	10
GSE276974	36	4	10
GSE276974	36	5	9
GSE276974	36	6	2
GSE276974	36	7	5
GSE276974	36	11	2
GSE276974	37	2	8
GSE276974	37	3	4
GSE276974	37	4	8
GSE276974	37	5	7
GSE276974	37	6	3
GSE276974	37	7	4
GSE276974	37	8	2
GSE276974	37	12	1
GSE276974	38	2	9
GSE276974	38	3	4
GSE276974	38	4	3
GSE276974	38	5	3
GSE276974	38	7	5
GSE276974	38	9	1
GSE276974	39	2	5
GSE276974	39	3	1
GSE276974	39	4	3
GSE276974	39	5	1
GSE276974	39	6	6
GSE276974	39	7	4
GSE276974	39	8	1
GSE276974	40	2	7
GSE276974	40	4	3
GSE276974	40	5	5
GSE276974	40	6	2
GSE276974	40	10	1
GSE276974	40	11	1
GSE276974	40	15	1
GSE276974	41	2	4
GSE276974	41	3	3
GSE276974	41	4	2
GSE276974	41	7	2
GSE276974	41	13	1
GSE276974	41	14	3
GSE276974	42	1	4
GSE276974	42	2	4
GSE276974	42	4	4
GSE276974	42	5	2
GSE276974	42	6	4
GSE276974	42	9	1
GSE276974	43	2	6
GSE276974	43	3	1
GSE276974	43	5	6
GSE276974	43	8	1
GSE276974	44	2	3
GSE276974	44	3	3
GSE276974	44	5	3
GSE276974	44	7	2
GSE276974	44	8	5
GSE276974	44	9	2
GSE276974	45	2	8
GSE276974	45	6	1
GSE276974	45	7	1
GSE276974	45	11	1
GSE276974	46	4	4
GSE276974	46	5	2
GSE276974	46	6	1
GSE276974	46	11	1
GSE276974	47	3	1
GSE276974	47	6	2
GSE276974	47	8	1
GSE276974	47	20	1
GSE276974	48	3	3
GSE276974	48	7	1
GSE276974	49	4	1
GSE276974	49	8	2
GSE276974	49	9	2
GSE276974	49	12	1
GSE276974	50	5	1
GSE276974	50	6	1
GSE276974	50	8	1
GSE276974	51	3	3
GSE276974	51	7	3
GSE276974	51	9	1
GSE276974	52	6	2
GSE276974	52	7	1
GSE276974	53	3	1
GSE276974	53	6	1
GSE276974	53	15	1
GSE276974	53	16	1
GSE276974	54	4	3
GSE276974	54	5	1
GSE276974	54	7	1
GSE276974	55	3	2
GSE276974	55	4	2
GSE276974	55	5	1
GSE276974	56	5	1
GSE276974	56	23	1
GSE276974	59	5	1
GSE276974	60	7	2
GSE276974	61	5	1
GSE276974	61	6	1
GSE276974	61	8	1
GSE276974	61	10	1
GSE276974	62	5	2
GSE276974	62	8	1
GSE276974	63	5	1
GSE276974	63	6	2
GSE276974	63	7	2
GSE276974	63	8	2
GSE276974	63	11	1
GSE276974	63	21	1
GSE276974	68	6	1
GSE276974	69	4	2
GSE276974	73	5	1
GSE276974	75	10	1
GSE276974	76	12	1
GSE276974	77	26	1
GSE276974	78	5	1
GSE276974	80	14	1
GSE276974	82	6	1
GSE276974	83	6	2
GSE276974	86	15	1
GSE276974	87	9	1
GSE276974	91	19	1
GSE276974	94	7	1
GSE276974	95	5	1
GSE276974	96	13	1
GSE276974	101	14	1
GSE276974	104	21	1
GSE276974	105	15	1
GSE276974	112	38	1
GSE276974	129	11	1
GSE276974	134	12	1
GSE276974	139	14	1
GSE276974	148	7	1
GSE276974	194	33	1
GSE276974	254	42	1
GSE276974	267	18	1
GSE276974	324	34	1
GSE276974	328	30	1
GSE276974	359	30	1
GSE276974	363	28	1
GSE276974	412	19	1
GSE276974	438	46	1
GSE276974	506	33	1
GSE276974	572	88	1
GSE276974	814	23	1
GSE276974	845	34	1
GSE276974	953	35	1
GSE276974	1285	67	1
GSE276974	1867	73	1
GSE276974	3144	56	1
GSE276974	4270	104	1
GSE276974	4618	87	1
GSE276974	4885	100	1
GSE276974	5111	75	1
GSE276974	18	9	5
GSE276974	20	14	1
GSE276974	21	11	1
GSE276974	22	8	4
GSE276974	22	10	2
GSE276974	23	9	3
GSE276974	23	12	2
GSE276974	23	14	1
GSE276974	24	11	1
GSE276974	25	11	2
GSE276974	26	8	3
GSE276974	26	9	2
GSE276974	26	10	4
GSE276974	26	12	2
GSE276974	27	8	4
GSE276974	27	9	1
GSE276974	27	11	2
GSE276974	27	12	2
GSE276974	27	15	1
GSE276974	29	11	1
GSE276974	30	9	1
GSE276974	30	10	2
GSE276974	30	12	1
GSE276974	31	9	3
GSE276974	31	10	1
GSE276974	31	11	1
GSE276974	31	13	2
GSE276974	32	8	2
GSE276974	32	10	4
GSE276974	32	12	1
GSE276974	33	3	3
GSE276974	33	8	2
GSE276974	33	20	1
GSE276974	34	8	1
GSE276974	34	10	1
GSE276974	34	11	1
GSE276974	34	12	1
GSE276974	35	9	2
GSE276974	35	10	1
GSE276974	35	15	1
GSE276974	35	26	1
GSE276974	36	8	2
GSE276974	36	12	2
GSE276974	37	13	1
GSE276974	38	6	4
GSE276974	38	8	1
GSE276974	38	10	2
GSE276974	38	11	1
GSE276974	38	15	1
GSE276974	39	10	1
GSE276974	39	11	1
GSE276974	39	12	1
GSE276974	40	7	1
GSE276974	40	9	1
GSE276974	41	1	4
GSE276974	41	5	1
GSE276974	41	12	1
GSE276974	42	3	3
GSE276974	42	11	1
GSE276974	42	12	1
GSE276974	42	15	1
GSE276974	42	17	1
GSE276974	43	6	2
GSE276974	43	9	1
GSE276974	43	11	1
GSE276974	44	4	2
GSE276974	44	6	1
GSE276974	44	11	1
GSE276974	44	13	1
GSE276974	45	4	1
GSE276974	45	8	1
GSE276974	46	10	1
GSE276974	46	12	1
GSE276974	47	5	1
GSE276974	47	7	1
GSE276974	47	9	2
GSE276974	47	12	1
GSE276974	48	4	2
GSE276974	48	5	1
GSE276974	48	9	1
GSE276974	48	10	2
GSE276974	49	10	1
GSE276974	49	14	1
GSE276974	50	4	1
GSE276974	51	5	1
GSE276974	51	6	1
GSE276974	51	13	1
GSE276974	52	4	2
GSE276974	53	9	1
GSE276974	53	10	1
GSE276974	54	9	1
GSE276974	54	17	1
GSE276974	55	6	2
GSE276974	55	7	1
GSE276974	55	11	2
GSE276974	55	12	1
GSE276974	56	8	1
GSE276974	56	9	1
GSE276974	56	10	1
GSE276974	56	32	1
GSE276974	57	12	1
GSE276974	59	6	1
GSE276974	59	9	2
GSE276974	60	4	3
GSE276974	60	9	1
GSE276974	61	2	2
GSE276974	62	31	1
GSE276974	63	12	1
GSE276974	64	4	1
GSE276974	65	2	1
GSE276974	66	6	1
GSE276974	66	30	1
GSE276974	67	8	1
GSE276974	67	9	1
GSE276974	67	18	1
GSE276974	68	30	1
GSE276974	70	11	1
GSE276974	71	11	1
GSE276974	72	10	1
GSE276974	72	13	1
GSE276974	73	9	1
GSE276974	74	39	1
GSE276974	76	7	1
GSE276974	77	17	1
GSE276974	77	20	1
GSE276974	79	8	1
GSE276974	79	13	1
GSE276974	84	5	1
GSE276974	86	11	1
GSE276974	93	33	1
GSE276974	94	22	1
GSE276974	101	20	1
GSE276974	102	26	1
GSE276974	104	14	1
GSE276974	105	11	1
GSE276974	108	21	1
GSE276974	109	9	1
GSE276974	115	33	1
GSE276974	116	11	1
GSE276974	125	5	1
GSE276974	125	39	1
GSE276974	130	12	1
GSE276974	132	12	1
GSE276974	136	4	1
GSE276974	137	18	1
GSE276974	139	24	1
GSE276974	141	23	1
GSE276974	144	6	1
GSE276974	146	16	1
GSE276974	167	20	1
GSE276974	168	16	1
GSE276974	175	15	1
GSE276974	179	23	1
GSE276974	196	20	1
GSE276974	197	21	1
GSE276974	226	19	1
GSE276974	227	29	1
GSE276974	238	26	1
GSE276974	245	10	1
GSE276974	247	10	1
GSE276974	257	85	1
GSE276974	282	28	1
GSE276974	329	21	1
GSE276974	351	15	1
GSE276974	352	27	1
GSE276974	368	25	1
GSE276974	376	28	1
GSE276974	387	41	1
GSE276974	419	20	1
GSE276974	423	21	1
GSE276974	622	59	1
GSE276974	638	30	1
GSE276974	654	15	1
GSE276974	673	96	1
GSE276974	696	102	1
GSE276974	790	42	1
GSE276974	873	37	1
GSE276974	955	105	1
GSE276974	1040	98	1
GSE276974	1062	44	1
GSE276974	1282	113	1
GSE276974	1422	65	1
GSE276974	1485	52	1
GSE276974	1560	65	1
GSE276974	1591	61	1
GSE276974	1825	93	1
GSE276974	3179	73	1
GSE276974	3460	37	1
GSE276974	3462	110	1
GSE276974	3898	150	1
GSE276974	4941	137	1
GSE276974	5478	129	1
GSE276974	5802	218	1
GSE276974	7473	88	1
GSE276974	14348	221	1
GSE276974	33	1	19
GSE276974	35	1	13
GSE276974	44	1	4
GSE276974	49	3	3
GSE276974	50	2	5
GSE276974	52	2	2
GSE276974	60	2	3
GSE276974	63	2	2
GSE276974	65	1	1
GSE276974	69	3	1
GSE276974	78	1	1
GSE276974	78	2	2
GSE276974	84	2	2
GSE276974	88	3	1
GSE276974	117	2	2
GSE276974	130	2	1
GSE276974	200	4	1
GSE276974	17	13	1
GSE276974	34	1	10
GSE276974	37	1	8
GSE276974	38	1	9
GSE276974	39	1	6
GSE276974	40	1	5
GSE276974	43	1	6
GSE276974	43	4	1
GSE276974	45	3	1
GSE276974	46	1	2
GSE276974	46	3	1
GSE276974	47	1	3
GSE276974	47	2	4
GSE276974	48	1	3
GSE276974	49	2	2
GSE276974	50	1	3
GSE276974	53	2	3
GSE276974	55	2	1
GSE276974	56	2	2
GSE276974	57	2	1
GSE276974	58	2	3
GSE276974	60	3	2
GSE276974	61	3	1
GSE276974	61	21	1
GSE276974	62	1	2
GSE276974	62	2	2
GSE276974	62	9	1
GSE276974	63	1	1
GSE276974	64	2	1
GSE276974	66	2	2
GSE276974	67	1	1
GSE276974	67	2	3
GSE276974	68	2	2
GSE276974	70	4	1
GSE276974	70	7	1
GSE276974	71	3	2
GSE276974	72	1	1
GSE276974	73	3	1
GSE276974	74	2	1
GSE276974	74	9	1
GSE276974	77	2	1
GSE276974	77	3	1
GSE276974	79	3	1
GSE276974	82	2	1
GSE276974	84	3	1
GSE276974	85	2	2
GSE276974	86	2	1
GSE276974	86	5	1
GSE276974	89	4	1
GSE276974	91	3	1
GSE276974	95	2	1
GSE276974	99	2	1
GSE276974	103	3	2
GSE276974	104	6	1
GSE276974	105	2	2
GSE276974	108	3	1
GSE276974	115	21	1
GSE276974	121	3	2
GSE276974	136	2	1
GSE276974	136	25	1
GSE276974	149	2	1
GSE276974	152	3	1
GSE276974	163	12	1
GSE276974	174	3	1
GSE276974	176	3	1
GSE276974	199	4	1
GSE276974	216	4	1
GSE276974	234	2	1
GSE276974	269	3	1
GSE276974	305	20	1
GSE276974	384	3	1
GSE276974	414	5	1
GSE276974	525	4	1
GSE276974	761	32	1
GSE276974	816	2	1
GSE276974	886	6	1
GSE276974	46	2	1
GSE276974	52	3	1
GSE276974	53	1	2
GSE276974	57	3	1
GSE276974	58	3	2
GSE276974	68	1	1
GSE276974	69	1	1
GSE276974	70	2	1
GSE276974	78	3	1
GSE276974	80	1	1
GSE276974	81	3	1
GSE276974	85	4	1
GSE276974	89	2	2
GSE276974	112	2	1
GSE276974	137	2	1
GSE276974	147	3	1
GSE276974	147	8	1
GSE276974	173	2	1
GSE276974	180	11	1
GSE276974	189	3	1
GSE276974	233	4	1
GSE276974	241	14	1
GSE276974	256	1	1
GSE276974	335	3	1
GSE276974	501	6	1
GSE276974	51	1	1
GSE276974	71	2	1
GSE276974	75	1	1
GSE276974	85	3	1
GSE276974	94	3	1
GSE276974	95	3	1
GSE276974	102	1	1
GSE276974	142	2	1
GSE276974	148	4	1
GSE276974	155	2	1
GSE276974	158	2	1
GSE276974	205	7	1
GSE276974	210	3	1
GSE276974	213	3	1
GSE276974	328	5	1
GSE276974	452	4	1
GSE276974	19	13	1
GSE276974	42	8	1
GSE276974	48	2	1
GSE276974	54	2	1
GSE276974	57	1	1
GSE276974	64	1	1
GSE276974	67	4	1
GSE276974	73	6	1
GSE276974	83	1	1
GSE276974	86	1	1
GSE276974	90	4	1
GSE276974	96	5	1
GSE276974	110	4	1
GSE276974	118	1	1
GSE276974	131	2	1
GSE276974	148	3	1
GSE276974	150	3	1
GSE276974	155	37	1
GSE276974	199	3	1
GSE276974	218	3	1
GSE276974	231	3	1
GSE276974	309	3	1
GSE276974	377	40	1
GSE276974	544	6	1
GSE276974	637	6	1
GSE276974	49	1	1
GSE276974	51	2	1
GSE276974	54	1	1
GSE276974	79	1	1
GSE276974	80	2	1
GSE276974	88	2	1
GSE276974	109	2	1
GSE276974	127	2	1
GSE276974	128	3	1
GSE276974	145	2	1
GSE276974	380	4	1
GSE276974	406	6	1
GSE276974	425	4	1
GSE288222	1	1	23710751
GSE288222	2	1	7078107
GSE288222	2	2	369344
GSE288222	3	1	2381182
GSE288222	3	2	170024
GSE288222	3	3	15390
GSE288222	4	1	813031
GSE288222	4	2	72527
GSE288222	4	3	7424
GSE288222	4	4	1883
GSE288222	5	1	286748
GSE288222	5	2	31122
GSE288222	5	3	3566
GSE288222	5	4	991
GSE288222	5	5	326
GSE288222	6	1	102014
GSE288222	6	2	12971
GSE288222	6	3	1636
GSE288222	6	4	469
GSE288222	7	1	36515
GSE288222	7	2	5365
GSE288222	7	3	702
GSE288222	7	5	104
GSE288222	8	1	13272
GSE288222	8	2	2298
GSE288222	8	6	26
GSE288222	9	1	4812
GSE288222	9	2	932
GSE288222	10	1	1903
GSE288222	10	4	23
GSE288222	10	10	1
GSE288222	11	5	8
GSE288222	12	2	66
GSE288222	15	6	1
GSE288222	18	10	1
GSE288222	22	9	1
GSE288222	38	3	1
GSE288222	6	5	181
GSE288222	6	6	66
GSE288222	7	4	225
GSE288222	7	6	42
GSE288222	7	7	25
GSE288222	10	5	17
GSE288222	11	10	3
GSE288222	16	15	4
GSE288222	31	28	1
GSE288222	8	3	325
GSE288222	8	4	121
GSE288222	8	5	39
GSE288222	8	7	4
GSE288222	8	8	4
GSE288222	9	3	148
GSE288222	9	4	55
GSE288222	9	5	18
GSE288222	9	6	11
GSE288222	9	8	7
GSE288222	10	2	434
GSE288222	10	3	74
GSE288222	10	7	5
GSE288222	10	8	1
GSE288222	10	9	2
GSE288222	11	1	742
GSE288222	11	2	178
GSE288222	11	3	32
GSE288222	11	4	14
GSE288222	11	9	3
GSE288222	12	1	329
GSE288222	12	3	18
GSE288222	12	4	10
GSE288222	12	5	6
GSE288222	13	1	127
GSE288222	13	2	40
GSE288222	13	3	6
GSE288222	13	13	2
GSE288222	14	1	43
GSE288222	14	2	14
GSE288222	14	3	6
GSE288222	14	11	1
GSE288222	15	1	30
GSE288222	15	2	12
GSE288222	15	3	3
GSE288222	15	9	1
GSE288222	16	1	7
GSE288222	17	2	3
GSE288222	19	15	1
GSE288222	21	2	1
GSE288222	22	15	1
GSE288222	22	18	1
GSE288222	23	12	1
GSE288222	27	22	1
GSE288222	41	32	1
GSE288222	46	36	1
GSE288222	60	2	1
GSE288222	9	9	2
GSE288222	12	7	2
GSE288222	12	11	1
GSE288222	14	12	1
GSE288222	20	1	1
GSE288222	22	19	1
GSE288222	23	19	1
GSE288222	17	1	5
GSE288222	18	17	1
GSE288222	34	1	1
GSE288222	10	6	4
GSE288222	15	11	1
GSE288222	15	13	1
GSE288222	22	10	1
GSE288222	32	12	1
GSE288222	28	1	1
GSE288222	11	6	5
GSE288222	11	7	3
GSE288222	9	7	5
GSE288222	14	14	1
GSE288222	15	12	1
GSE288222	19	17	1
GSE288222	33	25	1
GSE288222	34	28	1
GSE288222	125	99	1
GSE288222	11	11	1
GSE288222	12	8	1
GSE288222	12	10	1
GSE288222	13	4	4
GSE288222	13	5	4
GSE288222	13	6	1
GSE288222	14	4	1
GSE288222	14	8	1
GSE288222	14	9	1
GSE288222	15	4	1
GSE288222	15	5	3
GSE288222	16	2	3
GSE288222	17	3	3
GSE288222	17	6	1
GSE288222	17	9	1
GSE288222	18	4	3
GSE288222	19	1	1
GSE288222	20	9	1
GSE288222	21	3	1
GSE288222	31	4	1
GSE288222	41	7	1
GSE288222	42	6	1
GSE178175	1	1	11073556
GSE178175	2	1	2400922
GSE178175	2	2	243975
GSE178175	3	1	862161
GSE178175	3	2	120714
GSE178175	3	3	12706
GSE178175	4	1	341201
GSE178175	4	2	60266
GSE178175	4	3	6482
GSE178175	4	4	2081
GSE178175	5	1	150240
GSE178175	5	2	31482
GSE178175	5	3	3603
GSE178175	5	4	973
GSE178175	5	5	613
GSE178175	6	1	69407
GSE178175	6	2	16512
GSE178175	6	3	2080
GSE178175	6	4	552
GSE178175	6	5	296
GSE178175	6	6	228
GSE178175	7	1	33281
GSE178175	7	2	8892
GSE178175	7	3	1175
GSE178175	7	4	289
GSE178175	7	5	155
GSE178175	7	6	97
GSE178175	8	1	15989
GSE178175	8	2	4651
GSE178175	8	3	709
GSE178175	8	5	78
GSE178175	8	6	51
GSE178175	9	1	7909
GSE178175	9	2	2410
GSE178175	9	3	380
GSE178175	10	1	3849
GSE178175	10	2	1289
GSE178175	10	3	209
GSE178175	10	9	11
GSE178175	11	2	674
GSE178175	11	6	13
GSE178175	12	1	945
GSE178175	12	3	66
GSE178175	12	5	8
GSE178175	16	1	108
GSE178175	16	3	9
GSE178175	17	1	62
GSE178175	18	1	30
GSE178175	19	1	18
GSE178175	22	1	6
GSE178175	24	1	3
GSE178175	24	2	2
GSE178175	26	1	2
GSE178175	29	1	3
GSE178175	33	2	1
GSE178175	34	1	2
GSE178175	78	1	1
GSE178175	97	4	1
GSE178175	117	22	1
GSE178175	118	15	1
GSE178175	128	1	1
GSE178175	7	7	97
GSE178175	8	4	203
GSE178175	8	7	51
GSE178175	8	8	36
GSE178175	9	4	97
GSE178175	9	5	57
GSE178175	9	6	32
GSE178175	9	7	24
GSE178175	9	8	17
GSE178175	9	9	23
GSE178175	10	4	63
GSE178175	10	5	30
GSE178175	10	6	12
GSE178175	10	7	17
GSE178175	10	8	16
GSE178175	10	10	6
GSE178175	11	1	1894
GSE178175	11	3	113
GSE178175	11	4	33
GSE178175	11	5	10
GSE178175	11	7	1
GSE178175	11	8	7
GSE178175	11	9	3
GSE178175	11	10	5
GSE178175	11	11	4
GSE178175	12	2	366
GSE178175	12	4	17
GSE178175	12	6	1
GSE178175	12	7	8
GSE178175	12	8	7
GSE178175	12	9	4
GSE178175	12	10	5
GSE178175	12	11	4
GSE178175	12	12	2
GSE178175	13	1	520
GSE178175	13	2	196
GSE178175	13	3	28
GSE178175	13	4	9
GSE178175	13	5	6
GSE178175	13	6	3
GSE178175	13	7	3
GSE178175	13	8	3
GSE178175	13	9	1
GSE178175	13	10	1
GSE178175	13	11	5
GSE178175	13	12	2
GSE178175	13	13	1
GSE178175	14	1	275
GSE178175	14	2	94
GSE178175	14	3	23
GSE178175	14	4	5
GSE178175	14	5	3
GSE178175	14	6	2
GSE178175	14	7	4
GSE178175	14	8	2
GSE178175	14	9	1
GSE178175	14	11	3
GSE178175	14	12	3
GSE178175	14	13	1
GSE178175	15	1	174
GSE178175	15	2	62
GSE178175	15	3	11
GSE178175	15	4	3
GSE178175	15	5	3
GSE178175	15	6	4
GSE178175	15	7	1
GSE178175	15	8	1
GSE178175	15	10	1
GSE178175	15	11	1
GSE178175	15	12	1
GSE178175	15	13	1
GSE178175	16	2	29
GSE178175	16	4	2
GSE178175	16	5	1
GSE178175	16	9	1
GSE178175	16	11	1
GSE178175	17	2	12
GSE178175	17	3	3
GSE178175	17	4	2
GSE178175	17	5	1
GSE178175	17	6	1
GSE178175	17	8	1
GSE178175	17	11	1
GSE178175	17	13	1
GSE178175	18	2	9
GSE178175	18	3	4
GSE178175	18	4	1
GSE178175	18	6	1
GSE178175	18	9	1
GSE178175	18	12	3
GSE178175	18	17	1
GSE178175	19	2	16
GSE178175	19	3	2
GSE178175	19	6	1
GSE178175	19	11	1
GSE178175	19	14	1
GSE178175	19	19	1
GSE178175	20	1	12
GSE178175	20	2	5
GSE178175	20	3	3
GSE178175	20	4	2
GSE178175	20	14	1
GSE178175	21	1	17
GSE178175	21	2	4
GSE178175	22	2	2
GSE178175	22	3	1
GSE178175	22	13	1
GSE178175	23	1	5
GSE178175	23	2	4
GSE178175	24	4	1
GSE178175	25	1	2
GSE178175	26	2	1
GSE178175	27	1	1
GSE178175	27	4	1
GSE178175	27	8	1
GSE178175	27	11	1
GSE178175	28	1	1
GSE178175	29	20	1
GSE178175	31	2	1
GSE178175	31	3	1
GSE178175	31	4	1
GSE178175	32	14	1
GSE178175	34	3	1
GSE178175	41	2	1
GSE178175	46	1	1
GSE178175	46	2	1
GSE178175	49	3	1
GSE178175	51	3	1
GSE178175	53	14	1
GSE178175	54	4	1
GSE178175	56	1	1
GSE178175	59	1	2
GSE178175	62	14	1
GSE178175	65	4	1
GSE178175	69	2	1
GSE178175	79	2	1
GSE178175	93	2	1
GSE178175	96	1	1
GSE178175	103	2	1
GSE178175	109	2	1
GSE178175	128	2	1
GSE178175	133	1	1
GSE178175	144	3	1
GSE178175	154	1	1
GSE178175	164	1	1
GSE178175	172	2	1
GSE178175	290	30	1
GSE178175	298	43	1
GSE178175	460	1	1
GSE178175	462	1	1
GSE178175	525	2	1
GSE178175	527	6	1
GSE178175	19	4	1
GSE178175	42	1	2
GSE178175	44	5	1
GSE178175	45	4	1
GSE178175	49	2	1
GSE178175	57	8	1
GSE178175	58	1	1
GSE178175	65	1	1
GSE178175	66	1	1
GSE178175	75	3	1
GSE178175	76	2	1
GSE178175	84	1	1
GSE178175	125	1	1
GSE178175	135	3	1
GSE178175	166	30	1
GSE178175	176	1	1
GSE178175	207	1	1
GSE178175	225	2	1
GSE178175	267	1	1
