release_candidate	srr	gse	species	platform	biology_group	description	pipeline	isoquant_status	isoquant_cells	isoquant_cells_method	isoquant_transcripts	annotation_status	annotation_method	annotation_cells	metadata_resolution	eligibility
scTHREAD_NAR_candidate_20260801	SRR10539959	GSE140890	mouse	ONT			EXCLUDE	done	1	smartseq2_one_well		sample_identity_only	author_gsm_identity		frozen	excluded: non-transcriptomic library (INSDC LibrarySource=GENOMIC)
scTHREAD_NAR_candidate_20260801	SRR10539960	GSE140890	mouse	ONT			EXCLUDE	done	1	smartseq2_one_well		sample_identity_only	author_gsm_identity		frozen	excluded: non-transcriptomic library (INSDC LibrarySource=GENOMIC)
scTHREAD_NAR_candidate_20260801	SRR10539961	GSE140890	mouse	ONT			EXCLUDE	done	1	smartseq2_one_well		sample_identity_only	author_gsm_identity		frozen	excluded: non-transcriptomic library (INSDC LibrarySource=GENOMIC)
scTHREAD_NAR_candidate_20260801	SRR10539962	GSE140890	mouse	ONT			EXCLUDE	done	1	smartseq2_one_well		sample_identity_only	author_gsm_identity		frozen	excluded: non-transcriptomic library (INSDC LibrarySource=GENOMIC)
scTHREAD_NAR_candidate_20260801	SRR10539964	GSE140890	mouse	ONT			EXCLUDE	done	1	smartseq2_one_well		sample_identity_only	author_gsm_identity		frozen	excluded: non-transcriptomic library (INSDC LibrarySource=GENOMIC)
scTHREAD_NAR_candidate_20260801	SRR10539967	GSE140890	mouse	ONT			EXCLUDE	done	1	smartseq2_one_well		sample_identity_only	author_gsm_identity		frozen	excluded: non-transcriptomic library (INSDC LibrarySource=GENOMIC)
scTHREAD_NAR_candidate_20260801	SRR10539968	GSE140890	mouse	ONT			EXCLUDE	done	1	smartseq2_one_well		sample_identity_only	author_gsm_identity		frozen	excluded: non-transcriptomic library (INSDC LibrarySource=GENOMIC)
scTHREAD_NAR_candidate_20260801	SRR10539969	GSE140890	mouse	ONT			EXCLUDE	done	1	smartseq2_one_well		sample_identity_only	author_gsm_identity		frozen	excluded: non-transcriptomic library (INSDC LibrarySource=GENOMIC)
scTHREAD_NAR_candidate_20260801	SRR10539970	GSE140890	mouse	ONT			EXCLUDE	done	1	smartseq2_one_well		sample_identity_only	author_gsm_identity		frozen	excluded: non-transcriptomic library (INSDC LibrarySource=GENOMIC)
scTHREAD_NAR_candidate_20260801	SRR10539971	GSE140890	mouse	ONT			EXCLUDE	done	1	smartseq2_one_well		sample_identity_only	author_gsm_identity		frozen	excluded: non-transcriptomic library (INSDC LibrarySource=GENOMIC)
scTHREAD_NAR_candidate_20260801	SRR10539972	GSE140890	mouse	ONT			EXCLUDE	done	1	smartseq2_one_well		sample_identity_only	author_gsm_identity		frozen	excluded: non-transcriptomic library (INSDC LibrarySource=GENOMIC)
scTHREAD_NAR_candidate_20260801	SRR10539973	GSE140890	mouse	ONT			EXCLUDE	done	1	smartseq2_one_well		sample_identity_only	author_gsm_identity		frozen	excluded: non-transcriptomic library (INSDC LibrarySource=GENOMIC)
scTHREAD_NAR_candidate_20260801	SRR10539974	GSE140890	mouse	ONT			EXCLUDE	done	1	smartseq2_one_well		sample_identity_only	author_gsm_identity		frozen	excluded: non-transcriptomic library (INSDC LibrarySource=GENOMIC)
scTHREAD_NAR_candidate_20260801	SRR10539975	GSE140890	mouse	ONT			EXCLUDE	done	1	smartseq2_one_well		sample_identity_only	author_gsm_identity		frozen	excluded: non-transcriptomic library (INSDC LibrarySource=GENOMIC)
scTHREAD_NAR_candidate_20260801	SRR10539977	GSE140890	mouse	ONT			EXCLUDE	done	1	smartseq2_one_well		sample_identity_only	author_gsm_identity		frozen	excluded: non-transcriptomic library (INSDC LibrarySource=GENOMIC)
scTHREAD_NAR_candidate_20260801	SRR10539978	GSE140890	mouse	ONT			EXCLUDE	done	1	smartseq2_one_well		sample_identity_only	author_gsm_identity		frozen	excluded: non-transcriptomic library (INSDC LibrarySource=GENOMIC)
scTHREAD_NAR_candidate_20260801	SRR10539979	GSE140890	mouse	ONT			EXCLUDE	done	1	smartseq2_one_well		sample_identity_only	author_gsm_identity		frozen	excluded: non-transcriptomic library (INSDC LibrarySource=GENOMIC)
scTHREAD_NAR_candidate_20260801	SRR10539980	GSE140890	mouse	ONT			EXCLUDE	done	1	smartseq2_one_well		sample_identity_only	author_gsm_identity		frozen	excluded: non-transcriptomic library (INSDC LibrarySource=GENOMIC)
scTHREAD_NAR_candidate_20260801	SRR10539981	GSE140890	mouse	ONT			EXCLUDE	done	1	smartseq2_one_well		sample_identity_only	author_gsm_identity		frozen	excluded: non-transcriptomic library (INSDC LibrarySource=GENOMIC)
scTHREAD_NAR_candidate_20260801	SRR10539982	GSE140890	mouse	ONT			EXCLUDE	done	1	smartseq2_one_well		sample_identity_only	author_gsm_identity		frozen	excluded: non-transcriptomic library (INSDC LibrarySource=GENOMIC)
scTHREAD_NAR_candidate_20260801	SRR10539983	GSE140890	mouse	ONT			EXCLUDE	done	1	smartseq2_one_well		sample_identity_only	author_gsm_identity		frozen	excluded: non-transcriptomic library (INSDC LibrarySource=GENOMIC)
scTHREAD_NAR_candidate_20260801	SRR10539984	GSE140890	mouse	ONT			EXCLUDE	done	1	smartseq2_one_well		sample_identity_only	author_gsm_identity		frozen	excluded: non-transcriptomic library (INSDC LibrarySource=GENOMIC)
scTHREAD_NAR_candidate_20260801	SRR10539985	GSE140890	mouse	ONT			EXCLUDE	done	1	smartseq2_one_well		sample_identity_only	author_gsm_identity		frozen	excluded: non-transcriptomic library (INSDC LibrarySource=GENOMIC)
scTHREAD_NAR_candidate_20260801	SRR10539987	GSE140890	mouse	ONT			EXCLUDE	done	1	smartseq2_one_well		sample_identity_only	author_gsm_identity		frozen	excluded: non-transcriptomic library (INSDC LibrarySource=GENOMIC)
scTHREAD_NAR_candidate_20260801	SRR10539988	GSE140890	mouse	ONT			EXCLUDE	done	1	smartseq2_one_well		sample_identity_only	author_gsm_identity		frozen	excluded: non-transcriptomic library (INSDC LibrarySource=GENOMIC)
scTHREAD_NAR_candidate_20260801	SRR10539990	GSE140890	mouse	ONT			EXCLUDE	done	1	smartseq2_one_well		sample_identity_only	author_gsm_identity		frozen	excluded: non-transcriptomic library (INSDC LibrarySource=GENOMIC)
scTHREAD_NAR_candidate_20260801	SRR10539991	GSE140890	mouse	ONT			EXCLUDE	done	1	smartseq2_one_well		sample_identity_only	author_gsm_identity		frozen	excluded: non-transcriptomic library (INSDC LibrarySource=GENOMIC)
scTHREAD_NAR_candidate_20260801	SRR10539992	GSE140890	mouse	ONT			EXCLUDE	done	1	smartseq2_one_well		sample_identity_only	author_gsm_identity		frozen	excluded: non-transcriptomic library (INSDC LibrarySource=GENOMIC)
scTHREAD_NAR_candidate_20260801	SRR10539993	GSE140890	mouse	ONT			EXCLUDE	done	1	smartseq2_one_well		sample_identity_only	author_gsm_identity		frozen	excluded: non-transcriptomic library (INSDC LibrarySource=GENOMIC)
scTHREAD_NAR_candidate_20260801	SRR10539994	GSE140890	mouse	ONT			EXCLUDE	done	1	smartseq2_one_well		sample_identity_only	author_gsm_identity		frozen	excluded: non-transcriptomic library (INSDC LibrarySource=GENOMIC)
scTHREAD_NAR_candidate_20260801	SRR10539995	GSE140890	mouse	ONT			EXCLUDE	done	1	smartseq2_one_well		sample_identity_only	author_gsm_identity		frozen	excluded: non-transcriptomic library (INSDC LibrarySource=GENOMIC)
scTHREAD_NAR_candidate_20260801	SRR10539998	GSE140890	mouse	ONT			EXCLUDE	done	1	smartseq2_one_well		sample_identity_only	author_gsm_identity		frozen	excluded: non-transcriptomic library (INSDC LibrarySource=GENOMIC)
scTHREAD_NAR_candidate_20260801	SRR10540000	GSE140890	mouse	ONT			EXCLUDE	done	1	smartseq2_one_well		sample_identity_only	author_gsm_identity		frozen	excluded: non-transcriptomic library (INSDC LibrarySource=GENOMIC)
scTHREAD_NAR_candidate_20260801	SRR10540001	GSE140890	mouse	ONT			EXCLUDE	done	1	smartseq2_one_well		sample_identity_only	author_gsm_identity		frozen	excluded: non-transcriptomic library (INSDC LibrarySource=GENOMIC)
scTHREAD_NAR_candidate_20260801	SRR10540002	GSE140890	mouse	ONT			EXCLUDE	done	1	smartseq2_one_well		sample_identity_only	author_gsm_identity		frozen	excluded: non-transcriptomic library (INSDC LibrarySource=GENOMIC)
