srr	gse	manifest_cells	ondisk_barcodes	isoquant_path	status
SRR7173239	GSE114157	1.0		data/isoquant_smartseq2/GSE114157	no_barcode_file
SRR7173240	GSE114157	1.0		data/isoquant_smartseq2/GSE114157	no_barcode_file
SRR7173241	GSE114157	1.0		data/isoquant_smartseq2/GSE114157	no_barcode_file
SRR7173242	GSE114157	1.0		data/isoquant_smartseq2/GSE114157	no_barcode_file
SRR7173246	GSE114157	1.0		data/isoquant_smartseq2/GSE114157	no_barcode_file
SRR9008425	GSE130708	177.0	177.0	data/isoquant/GSE130708/SRR9008425	match
SRR9008427	GSE130708	827.0	827.0	data/isoquant/GSE130708/SRR9008427	match
SRR9008428	GSE130708	896.0	896.0	data/isoquant/GSE130708/SRR9008428	match
SRR9008429	GSE130708	922.0	922.0	data/isoquant/GSE130708/SRR9008429	match
SRR9008431	GSE130708	917.0	917.0	data/isoquant/GSE130708/SRR9008431	match
SRR9008433	GSE130708	905.0	905.0	data/isoquant/GSE130708/SRR9008433	match
SRR14808726	GSE178175	5135.0	5135.0	data/isoquant/GSE178175/SRR14808726	match
SRR14808727	GSE178175	5224.0	5224.0	data/isoquant/GSE178175/SRR14808727	match
SRR14808728	GSE178175	7739.0	7739.0	data/isoquant/GSE178175/SRR14808728	match
SRR14808729	GSE178175	7738.0	7738.0	data/isoquant/GSE178175/SRR14808729	match
SRR14808730	GSE178175	7658.0	7658.0	data/isoquant/GSE178175/SRR14808730	match
SRR14808732	GSE178175	7745.0	7745.0	data/isoquant/GSE178175/SRR14808732	match
SRR14808733	GSE178175	7692.0	7692.0	data/isoquant/GSE178175/SRR14808733	match
SRR14808735	GSE178175	7639.0	7639.0	data/isoquant/GSE178175/SRR14808735	match
SRR14808736	GSE178175	5851.0	5851.0	data/isoquant/GSE178175/SRR14808736	match
SRR14808737	GSE178175	3881.0	3881.0	data/isoquant/GSE178175/SRR14808737	match
SRR14808738	GSE178175	4719.0	4719.0	data/isoquant/GSE178175/SRR14808738	match
SRR14808739	GSE178175	4243.0	4243.0	data/isoquant/GSE178175/SRR14808739	match
SRR14808740	GSE178175	6239.0	6239.0	data/isoquant/GSE178175/SRR14808740	match
SRR14808741	GSE178175	4078.0	4078.0	data/isoquant/GSE178175/SRR14808741	match
SRR14808743	GSE178175	7770.0	7770.0	data/isoquant/GSE178175/SRR14808743	match
SRR14808744	GSE178175	678.0	678.0	data/isoquant/GSE178175/SRR14808744	match
SRR14808745	GSE178175	7879.0	7879.0	data/isoquant/GSE178175/SRR14808745	match
SRR14808746	GSE178175	7050.0	7050.0	data/isoquant/GSE178175/SRR14808746	match
SRR14808747	GSE178175	1153.0	1153.0	data/isoquant/GSE178175/SRR14808747	match
SRR17074937	GSE178175	6016.0	6016.0	data/isoquant/GSE178175/SRR17074937	match
SRR17074938	GSE178175	5117.0	5117.0	data/isoquant/GSE178175/SRR17074938	match
SRR16248566	GSE185554	1.0		data/isoquant_smartseq2/GSE185554	no_barcode_file
SRR16248568	GSE185554	1.0		data/isoquant_smartseq2/GSE185554	no_barcode_file
SRR16248569	GSE185554	1.0		data/isoquant_smartseq2/GSE185554	no_barcode_file
SRR16248570	GSE185554	1.0		data/isoquant_smartseq2/GSE185554	no_barcode_file
SRR16248571	GSE185554	1.0		data/isoquant_smartseq2/GSE185554	no_barcode_file
SRR16248573	GSE185554	1.0		data/isoquant_smartseq2/GSE185554	no_barcode_file
SRR16248574	GSE185554	1.0		data/isoquant_smartseq2/GSE185554	no_barcode_file
SRR16248575	GSE185554	1.0		data/isoquant_smartseq2/GSE185554	no_barcode_file
SRR16248576	GSE185554	1.0		data/isoquant_smartseq2/GSE185554	no_barcode_file
SRR16248577	GSE185554	1.0		data/isoquant_smartseq2/GSE185554	no_barcode_file
SRR16248578	GSE185554	1.0		data/isoquant_smartseq2/GSE185554	no_barcode_file
SRR16248579	GSE185554	1.0		data/isoquant_smartseq2/GSE185554	no_barcode_file
SRR16248581	GSE185554	1.0		data/isoquant_smartseq2/GSE185554	no_barcode_file
SRR16248582	GSE185554	1.0		data/isoquant_smartseq2/GSE185554	no_barcode_file
SRR16248583	GSE185554	1.0		data/isoquant_smartseq2/GSE185554	no_barcode_file
SRR16248584	GSE185554	1.0		data/isoquant_smartseq2/GSE185554	no_barcode_file
SRR16248585	GSE185554	1.0		data/isoquant_smartseq2/GSE185554	no_barcode_file
SRR16248586	GSE185554	1.0		data/isoquant_smartseq2/GSE185554	no_barcode_file
SRR16248587	GSE185554	1.0		data/isoquant_smartseq2/GSE185554	no_barcode_file
SRR16248588	GSE185554	1.0		data/isoquant_smartseq2/GSE185554	no_barcode_file
SRR16248589	GSE185554	1.0		data/isoquant_smartseq2/GSE185554	no_barcode_file
SRR16248590	GSE185554	1.0		data/isoquant_smartseq2/GSE185554	no_barcode_file
SRR16248591	GSE185554	1.0		data/isoquant_smartseq2/GSE185554	no_barcode_file
SRR16248592	GSE185554	1.0		data/isoquant_smartseq2/GSE185554	no_barcode_file
SRR16248593	GSE185554	1.0		data/isoquant_smartseq2/GSE185554	no_barcode_file
SRR16248594	GSE185554	1.0		data/isoquant_smartseq2/GSE185554	no_barcode_file
SRR16248595	GSE185554	1.0		data/isoquant_smartseq2/GSE185554	no_barcode_file
SRR16248596	GSE185554	1.0		data/isoquant_smartseq2/GSE185554	no_barcode_file
SRR16248597	GSE185554	1.0		data/isoquant_smartseq2/GSE185554	no_barcode_file
SRR16248598	GSE185554	1.0		data/isoquant_smartseq2/GSE185554	no_barcode_file
SRR16248599	GSE185554	1.0		data/isoquant_smartseq2/GSE185554	no_barcode_file
SRR16248601	GSE185554	1.0		data/isoquant_smartseq2/GSE185554	no_barcode_file
SRR16248602	GSE185554	1.0		data/isoquant_smartseq2/GSE185554	no_barcode_file
SRR16248603	GSE185554	1.0		data/isoquant_smartseq2/GSE185554	no_barcode_file
SRR16248606	GSE185554	1.0		data/isoquant_smartseq2/GSE185554	no_barcode_file
SRR16248607	GSE185554	1.0		data/isoquant_smartseq2/GSE185554	no_barcode_file
SRR16248608	GSE185554	1.0		data/isoquant_smartseq2/GSE185554	no_barcode_file
SRR16248609	GSE185554	1.0		data/isoquant_smartseq2/GSE185554	no_barcode_file
SRR16248610	GSE185554	1.0		data/isoquant_smartseq2/GSE185554	no_barcode_file
SRR16248611	GSE185554	1.0		data/isoquant_smartseq2/GSE185554	no_barcode_file
SRR16248612	GSE185554	1.0		data/isoquant_smartseq2/GSE185554	no_barcode_file
SRR16248613	GSE185554	1.0		data/isoquant_smartseq2/GSE185554	no_barcode_file
SRR21492154	GSE212945	6603.0	6603.0	data/isoquant/GSE212945/SRR21492154	match
SRR21492155	GSE212945	8429.0	8429.0	data/isoquant/GSE212945/SRR21492155	match
SRR21492156	GSE212945	3690.0	3690.0	data/isoquant/GSE212945/SRR21492156	match
SRR21492157	GSE212945	3587.0	3587.0	data/isoquant/GSE212945/SRR21492157	match
SRR34318914	GSE212945	3672.0	3672.0	data/isoquant/GSE212945/SRR34318914	match
SRR21714350	GSE214231	0.0	5246.0	data/isoquant_pacbio/GSE214231/SRR21714350	mismatch
SRR21714351	GSE214231	0.0	5344.0	data/isoquant_pacbio/GSE214231/SRR21714351	mismatch
SRR21714352	GSE214231	0.0	4551.0	data/isoquant_pacbio/GSE214231/SRR21714352	mismatch
SRR21714353	GSE214231	0.0	4498.0	data/isoquant_pacbio/GSE214231/SRR21714353	mismatch
SRR21714354	GSE214231	0.0	1181.0	data/isoquant_pacbio/GSE214231/SRR21714354	mismatch
SRR21714355	GSE214231	0.0	2926.0	data/isoquant_pacbio/GSE214231/SRR21714355	mismatch
SRR23271781	GSE224045	8756.0	8756.0	data/isoquant/GSE224045/SRR23271781	match
SRR26865982	GSE248118	2331.0	2331.0	data/isoquant/GSE248118/SRR26865982	match
SRR27237241	GSE250381	17.0	9449.0	data/isoquant_pacbio/GSE250381/SRR27237241	mismatch
SRR27237242	GSE250381	88.0	8950.0	data/isoquant_pacbio/GSE250381/SRR27237242	mismatch
SRR27237243	GSE250381	87.0	14868.0	data/isoquant_pacbio/GSE250381/SRR27237243	mismatch
SRR27237244	GSE250381	51.0	20063.0	data/isoquant_pacbio/GSE250381/SRR27237244	mismatch
SRR27405402	GSE252344	45.0	24669.0	data/isoquant_pacbio/GSE252344/SRR27405402	mismatch
SRR27406895	GSE252416	0.0	16506.0	data/isoquant_pacbio/GSE252416/SRR27406895	mismatch
SRR27935476	GSE255520	2396.0		data/isoquant/GSE255520/Ms_Retina	no_barcode_file
SRR27935477	GSE255520	6398.0		data/isoquant/GSE255520/Ms_RGC	no_barcode_file
SRR27935479	GSE255520	2895.0		data/isoquant/GSE255520/Ms_WT_P40	no_barcode_file
SRR30166096	GSE274249	8736.0	8736.0	data/isoquant/GSE274249/SRR30166096	match
SRR30166097	GSE274249	8776.0	8776.0	data/isoquant/GSE274249/SRR30166097	match
SRR30166098	GSE274249	8730.0	8730.0	data/isoquant/GSE274249/SRR30166098	match
SRR30166099	GSE274249	8731.0	8731.0	data/isoquant/GSE274249/SRR30166099	match
SRR30209150	GSE274527	1.0		data/isoquant_smartseq2/GSE274527	no_barcode_file
SRR30209151	GSE274527	1.0		data/isoquant_smartseq2/GSE274527	no_barcode_file
SRR30209152	GSE274527	1.0		data/isoquant_smartseq2/GSE274527	no_barcode_file
SRR30209153	GSE274527	1.0		data/isoquant_smartseq2/GSE274527	no_barcode_file
SRR30209154	GSE274527	1.0		data/isoquant_smartseq2/GSE274527	no_barcode_file
SRR30209155	GSE274527	1.0		data/isoquant_smartseq2/GSE274527	no_barcode_file
SRR30209156	GSE274527	1.0		data/isoquant_smartseq2/GSE274527	no_barcode_file
SRR30209158	GSE274527	1.0		data/isoquant_smartseq2/GSE274527	no_barcode_file
SRR30209159	GSE274527	1.0		data/isoquant_smartseq2/GSE274527	no_barcode_file
SRR30209160	GSE274527	1.0		data/isoquant_smartseq2/GSE274527	no_barcode_file
SRR30209162	GSE274527	1.0		data/isoquant_smartseq2/GSE274527	no_barcode_file
SRR30209163	GSE274527	1.0		data/isoquant_smartseq2/GSE274527	no_barcode_file
SRR30209164	GSE274527	1.0		data/isoquant_smartseq2/GSE274527	no_barcode_file
SRR30209165	GSE274527	1.0		data/isoquant_smartseq2/GSE274527	no_barcode_file
SRR30209166	GSE274527	1.0		data/isoquant_smartseq2/GSE274527	no_barcode_file
SRR30209167	GSE274527	1.0		data/isoquant_smartseq2/GSE274527	no_barcode_file
SRR30209169	GSE274527	1.0		data/isoquant_smartseq2/GSE274527	no_barcode_file
SRR30209170	GSE274527	1.0		data/isoquant_smartseq2/GSE274527	no_barcode_file
SRR30209171	GSE274527	1.0		data/isoquant_smartseq2/GSE274527	no_barcode_file
SRR30209172	GSE274527	1.0		data/isoquant_smartseq2/GSE274527	no_barcode_file
SRR30209173	GSE274527	1.0		data/isoquant_smartseq2/GSE274527	no_barcode_file
SRR30209174	GSE274527	1.0		data/isoquant_smartseq2/GSE274527	no_barcode_file
SRR30209175	GSE274527	1.0		data/isoquant_smartseq2/GSE274527	no_barcode_file
SRR30209176	GSE274527	1.0		data/isoquant_smartseq2/GSE274527	no_barcode_file
SRR30639543	GSE276974	9352.0		data/isoquant/GSE276974/ONT10X2_20	no_barcode_file
SRR30639544	GSE276974	9684.0		data/isoquant/GSE276974/ONT10X2_19	no_barcode_file
SRR30639545	GSE276974	10232.0	10232.0	data/isoquant/GSE276974/SRR30639545	match
SRR30639546	GSE276974	8545.0		data/isoquant/GSE276974/ONT10X2_10	no_barcode_file
SRR30639548	GSE276974	11620.0	11620.0	data/isoquant/GSE276974/SRR30639548	match
SRR30639549	GSE276974	6577.0		data/isoquant/GSE276974/ONT10X3_13	no_barcode_file
SRR30639550	GSE276974	5705.0	5705.0	data/isoquant/GSE276974/SRR30639550	match
SRR30639551	GSE276974	6204.0	6204.0	data/isoquant/GSE276974/SRR30639551	match
SRR30639552	GSE276974	6453.0	6453.0	data/isoquant/GSE276974/SRR30639552	match
SRR30639553	GSE276974	6139.0	6139.0	data/isoquant/GSE276974/SRR30639553	match
SRR30639554	GSE276974	5916.0	5916.0	data/isoquant/GSE276974/SRR30639554	match
SRR30639555	GSE276974	6365.0		data/isoquant/GSE276974/ONT10X2_6	no_barcode_file
SRR30639556	GSE276974	6130.0	6130.0	data/isoquant/GSE276974/SRR30639556	match
SRR30639557	GSE276974	6285.0	6285.0	data/isoquant/GSE276974/SRR30639557	match
SRR30639558	GSE276974	12093.0		data/isoquant/GSE276974/ONT10X2_3	no_barcode_file
SRR31435216	GSE283629	17097.0	17097.0	data/isoquant/GSE283629/SRR31435216	match
SRR31435217	GSE283629	17171.0	17171.0	data/isoquant/GSE283629/SRR31435217	match
SRR31435218	GSE283629	20205.0	20205.0	data/isoquant/GSE283629/SRR31435218	match
SRR31435219	GSE283629	20067.0	20067.0	data/isoquant/GSE283629/SRR31435219	match
SRR31632206	GSE283658	3463.0	3463.0	data/isoquant/GSE283658/SRR31632206	match
SRR31632207	GSE283658	8656.0	8656.0	data/isoquant/GSE283658/SRR31632207	match
SRR31632208	GSE283658	8574.0	8574.0	data/isoquant/GSE283658/SRR31632208	match
SRR32154422	GSE288222	3727.0	3727.0	data/isoquant/GSE288222/SRR32154422	match
SRR32154423	GSE288222	4165.0	4165.0	data/isoquant/GSE288222/SRR32154423	match
SRR32154424	GSE288222	4002.0	4002.0	data/isoquant/GSE288222/SRR32154424	match
SRR32154425	GSE288222	7529.0	7529.0	data/isoquant/GSE288222/SRR32154425	match
SRR32154426	GSE288222	5916.0	5916.0	data/isoquant/GSE288222/SRR32154426	match
SRR32154427	GSE288222	5216.0	5216.0	data/isoquant/GSE288222/SRR32154427	match
SRR32154428	GSE288222	9532.0	9532.0	data/isoquant/GSE288222/SRR32154428	match
SRR32154429	GSE288222	9884.0	9884.0	data/isoquant/GSE288222/SRR32154429	match
SRR32154430	GSE288222	3905.0	3905.0	data/isoquant/GSE288222/SRR32154430	match
SRR32154431	GSE288222	5298.0	5298.0	data/isoquant/GSE288222/SRR32154431	match
SRR32154433	GSE288222	5206.0	5206.0	data/isoquant/GSE288222/SRR32154433	match
SRR36251361	GSE288222	3612.0	3612.0	data/isoquant/GSE288222/SRR36251361	match
SRR32322922	GSE289428	1.0		data/isoquant_smartseq2/GSE289428	no_barcode_file
SRR32322923	GSE289428	1.0		data/isoquant_smartseq2/GSE289428	no_barcode_file
SRR32322924	GSE289428	1.0		data/isoquant_smartseq2/GSE289428	no_barcode_file
SRR32370261	GSE289790	2030.0	2030.0	data/isoquant/GSE289790/SRR32370261	match
SRR32370262	GSE289790	1985.0	1985.0	data/isoquant/GSE289790/SRR32370262	match
SRR32771574	GSE292324	8104.0	226695.0	data/isoquant_pacbio/GSE292324/SRR32771574	mismatch
SRR32771575	GSE292324	8097.0	205759.0	data/isoquant_pacbio/GSE292324/SRR32771575	mismatch
SRR32771576	GSE292324	7371.0	255461.0	data/isoquant_pacbio/GSE292324/SRR32771576	mismatch
SRR32771577	GSE292324	7367.0	244522.0	data/isoquant_pacbio/GSE292324/SRR32771577	mismatch
SRR32771578	GSE292324	5187.0	187873.0	data/isoquant_pacbio/GSE292324/SRR32771578	mismatch
SRR32771579	GSE292324	7425.0	201332.0	data/isoquant_pacbio/GSE292324/SRR32771579	mismatch
SRR32771580	GSE292324	5195.0	175011.0	data/isoquant_pacbio/GSE292324/SRR32771580	mismatch
SRR32771581	GSE292324	6761.0	189040.0	data/isoquant_pacbio/GSE292324/SRR32771581	mismatch
SRR33259865	GSE295352	2754.0	2754.0	data/isoquant/GSE295352/SRR33259865	match
SRR33259866	GSE295352	2647.0	2647.0	data/isoquant/GSE295352/SRR33259866	match
SRR33259867	GSE295352	1594.0	6786.0	data/isoquant/GSE295352/SRR33259867	mismatch
SRR35432392	GSE295352	3552.0	3552.0	data/isoquant/GSE295352/SRR35432392	match
SRR35432393	GSE295352	3839.0	3839.0	data/isoquant/GSE295352/SRR35432393	match
SRR35432394	GSE295352	3372.0	3372.0	data/isoquant/GSE295352/SRR35432394	match
SRR33259246	GSE295353	26635.0	26635.0	data/isoquant/GSE295353/SRR33259246	match
SRR33259247	GSE295353	45303.0	45303.0	data/isoquant/GSE295353/SRR33259247	match
SRR33259248	GSE295353	1554.0	1554.0	data/isoquant/GSE295353/SRR33259248	match
SRR35432458	GSE295353	6398.0	6398.0	data/isoquant/GSE295353/SRR35432458	match
SRR35432459	GSE295353	9513.0	9513.0	data/isoquant/GSE295353/SRR35432459	match
SRR35432460	GSE295353	1560.0	1560.0	data/isoquant/GSE295353/SRR35432460	match
SRR33369385	GSE295932	2911.0	2911.0	data/isoquant/GSE295932/SRR33369385	match
SRR33369386	GSE295932	5362.0	5362.0	data/isoquant/GSE295932/SRR33369386	match
SRR33369387	GSE295932	5968.0	5968.0	data/isoquant/GSE295932/SRR33369387	match
SRR33369388	GSE295932	7382.0	7382.0	data/isoquant/GSE295932/SRR33369388	match
SRR34364189	GSE301658	3831.0	3831.0	data/isoquant/GSE301658/SRR34364189	match
SRR30947478	GSE303762	66691.0	66691.0	data/isoquant/GSE303762/SRR30947478	match
SRR30947479	GSE303762	5109.0	5109.0	data/isoquant/GSE303762/SRR30947479	match
SRR35267327	GSE307660	3190.0	3190.0	data/isoquant/GSE307660/SRR35267327	match
SRR35267329	GSE307660	4255.0	4255.0	data/isoquant/GSE307660/SRR35267329	match
SRR35267330	GSE307660	2280.0	2280.0	data/isoquant/GSE307660/SRR35267330	match
SRR35267331	GSE307660	2906.0	2906.0	data/isoquant/GSE307660/SRR35267331	match
SRR35267333	GSE307660	3932.0	3932.0	data/isoquant/GSE307660/SRR35267333	match
SRR35267334	GSE307660	4885.0	4885.0	data/isoquant/GSE307660/SRR35267334	match
SRR35267335	GSE307660	2890.0	2890.0	data/isoquant/GSE307660/SRR35267335	match
SRR35267336	GSE307660	1232.0	1232.0	data/isoquant/GSE307660/SRR35267336	match
SRR35267337	GSE307660	1005.0	1005.0	data/isoquant/GSE307660/SRR35267337	match
SRR35267338	GSE307660	5339.0	5339.0	data/isoquant/GSE307660/SRR35267338	match
SRR35267339	GSE307660	8842.0	8842.0	data/isoquant/GSE307660/SRR35267339	match
SRR35267340	GSE307660	3075.0	3075.0	data/isoquant/GSE307660/SRR35267340	match
SRR35267341	GSE307660	3540.0	3540.0	data/isoquant/GSE307660/SRR35267341	match
SRR35267342	GSE307660	2481.0	2481.0	data/isoquant/GSE307660/SRR35267342	match
SRR35267343	GSE307660	2287.0	2287.0	data/isoquant/GSE307660/SRR35267343	match
SRR35267344	GSE307660	4020.0	4020.0	data/isoquant/GSE307660/SRR35267344	match
SRR35267345	GSE307660	2137.0	2137.0	data/isoquant/GSE307660/SRR35267345	match
SRR35586147	GSE309071	1.0		data/isoquant_smartseq2/GSE309071	no_barcode_file
SRR35586148	GSE309071	1.0		data/isoquant_smartseq2/GSE309071	no_barcode_file
SRR35586149	GSE309071	1.0		data/isoquant_smartseq2/GSE309071	no_barcode_file
SRR35586150	GSE309071	1.0		data/isoquant_smartseq2/GSE309071	no_barcode_file
SRR35586151	GSE309071	1.0		data/isoquant_smartseq2/GSE309071	no_barcode_file
SRR35586152	GSE309071	1.0		data/isoquant_smartseq2/GSE309071	no_barcode_file
SRR35586153	GSE309071	1.0		data/isoquant_smartseq2/GSE309071	no_barcode_file
SRR35586154	GSE309071	1.0		data/isoquant_smartseq2/GSE309071	no_barcode_file
SRR35586155	GSE309071	1.0		data/isoquant_smartseq2/GSE309071	no_barcode_file
SRR35586156	GSE309071	1.0		data/isoquant_smartseq2/GSE309071	no_barcode_file
SRR35586157	GSE309071	1.0		data/isoquant_smartseq2/GSE309071	no_barcode_file
SRR35586158	GSE309071	1.0		data/isoquant_smartseq2/GSE309071	no_barcode_file
SRR35586159	GSE309071	1.0		data/isoquant_smartseq2/GSE309071	no_barcode_file
SRR35586160	GSE309071	1.0		data/isoquant_smartseq2/GSE309071	no_barcode_file
SRR35586161	GSE309071	1.0		data/isoquant_smartseq2/GSE309071	no_barcode_file
SRR35586162	GSE309071	1.0		data/isoquant_smartseq2/GSE309071	no_barcode_file
SRR35586163	GSE309071	1.0		data/isoquant_smartseq2/GSE309071	no_barcode_file
SRR35586164	GSE309071	1.0		data/isoquant_smartseq2/GSE309071	no_barcode_file
SRR35586165	GSE309071	1.0		data/isoquant_smartseq2/GSE309071	no_barcode_file
SRR35586166	GSE309071	1.0		data/isoquant_smartseq2/GSE309071	no_barcode_file
SRR35586167	GSE309071	1.0		data/isoquant_smartseq2/GSE309071	no_barcode_file
SRR35586168	GSE309071	1.0		data/isoquant_smartseq2/GSE309071	no_barcode_file
SRR35586169	GSE309071	1.0		data/isoquant_smartseq2/GSE309071	no_barcode_file
SRR35586170	GSE309071	1.0		data/isoquant_smartseq2/GSE309071	no_barcode_file
SRR35586171	GSE309071	1.0		data/isoquant_smartseq2/GSE309071	no_barcode_file
SRR35586172	GSE309071	1.0		data/isoquant_smartseq2/GSE309071	no_barcode_file
SRR35586173	GSE309071	1.0		data/isoquant_smartseq2/GSE309071	no_barcode_file
SRR35586174	GSE309071	1.0		data/isoquant_smartseq2/GSE309071	no_barcode_file
SRR35586175	GSE309071	1.0		data/isoquant_smartseq2/GSE309071	no_barcode_file
SRR35586176	GSE309071	1.0		data/isoquant_smartseq2/GSE309071	no_barcode_file
SRR35586177	GSE309071	1.0		data/isoquant_smartseq2/GSE309071	no_barcode_file
SRR35586178	GSE309071	1.0		data/isoquant_smartseq2/GSE309071	no_barcode_file
SRR35586179	GSE309071	1.0		data/isoquant_smartseq2/GSE309071	no_barcode_file
SRR35586180	GSE309071	1.0		data/isoquant_smartseq2/GSE309071	no_barcode_file
SRR35586181	GSE309071	1.0		data/isoquant_smartseq2/GSE309071	no_barcode_file
SRR35586182	GSE309071	1.0		data/isoquant_smartseq2/GSE309071	no_barcode_file
SRR35586183	GSE309071	1.0		data/isoquant_smartseq2/GSE309071	no_barcode_file
SRR35586184	GSE309071	1.0		data/isoquant_smartseq2/GSE309071	no_barcode_file
SRR35586185	GSE309071	1.0		data/isoquant_smartseq2/GSE309071	no_barcode_file
SRR35586186	GSE309071	1.0		data/isoquant_smartseq2/GSE309071	no_barcode_file
SRR35586187	GSE309071	1.0		data/isoquant_smartseq2/GSE309071	no_barcode_file
SRR35586188	GSE309071	1.0		data/isoquant_smartseq2/GSE309071	no_barcode_file
SRR35586189	GSE309071	1.0		data/isoquant_smartseq2/GSE309071	no_barcode_file
SRR35586190	GSE309071	1.0		data/isoquant_smartseq2/GSE309071	no_barcode_file
SRR35586191	GSE309071	1.0		data/isoquant_smartseq2/GSE309071	no_barcode_file
SRR35586192	GSE309071	1.0		data/isoquant_smartseq2/GSE309071	no_barcode_file
SRR35586193	GSE309071	1.0		data/isoquant_smartseq2/GSE309071	no_barcode_file
SRR35586194	GSE309071	1.0		data/isoquant_smartseq2/GSE309071	no_barcode_file
SRR35586195	GSE309071	1.0		data/isoquant_smartseq2/GSE309071	no_barcode_file
SRR35586197	GSE309071	1.0		data/isoquant_smartseq2/GSE309071	no_barcode_file
SRR35586198	GSE309071	1.0		data/isoquant_smartseq2/GSE309071	no_barcode_file
SRR35586199	GSE309071	1.0		data/isoquant_smartseq2/GSE309071	no_barcode_file
SRR35586200	GSE309071	1.0		data/isoquant_smartseq2/GSE309071	no_barcode_file
SRR35586201	GSE309071	1.0		data/isoquant_smartseq2/GSE309071	no_barcode_file
SRR35586202	GSE309071	1.0		data/isoquant_smartseq2/GSE309071	no_barcode_file
SRR35586203	GSE309071	1.0		data/isoquant_smartseq2/GSE309071	no_barcode_file
SRR35586204	GSE309071	1.0		data/isoquant_smartseq2/GSE309071	no_barcode_file
SRR35586205	GSE309071	1.0		data/isoquant_smartseq2/GSE309071	no_barcode_file
SRR35586206	GSE309071	1.0		data/isoquant_smartseq2/GSE309071	no_barcode_file
SRR35586207	GSE309071	1.0		data/isoquant_smartseq2/GSE309071	no_barcode_file
SRR35586208	GSE309071	1.0		data/isoquant_smartseq2/GSE309071	no_barcode_file
SRR35586209	GSE309071	1.0		data/isoquant_smartseq2/GSE309071	no_barcode_file
SRR35586210	GSE309071	1.0		data/isoquant_smartseq2/GSE309071	no_barcode_file
SRR35586211	GSE309071	1.0		data/isoquant_smartseq2/GSE309071	no_barcode_file
SRR35586212	GSE309071	1.0		data/isoquant_smartseq2/GSE309071	no_barcode_file
SRR35586213	GSE309071	1.0		data/isoquant_smartseq2/GSE309071	no_barcode_file
SRR35586215	GSE309071	1.0		data/isoquant_smartseq2/GSE309071	no_barcode_file
SRR35586217	GSE309071	1.0		data/isoquant_smartseq2/GSE309071	no_barcode_file
SRR35586218	GSE309071	1.0		data/isoquant_smartseq2/GSE309071	no_barcode_file
SRR35586219	GSE309071	1.0		data/isoquant_smartseq2/GSE309071	no_barcode_file
SRR35586220	GSE309071	1.0		data/isoquant_smartseq2/GSE309071	no_barcode_file
SRR35586222	GSE309071	1.0		data/isoquant_smartseq2/GSE309071	no_barcode_file
SRR35586223	GSE309071	1.0		data/isoquant_smartseq2/GSE309071	no_barcode_file
SRR35586225	GSE309071	1.0		data/isoquant_smartseq2/GSE309071	no_barcode_file
SRR35586227	GSE309071	1.0		data/isoquant_smartseq2/GSE309071	no_barcode_file
SRR35586228	GSE309071	1.0		data/isoquant_smartseq2/GSE309071	no_barcode_file
SRR35586229	GSE309071	1.0		data/isoquant_smartseq2/GSE309071	no_barcode_file
SRR35586230	GSE309071	1.0		data/isoquant_smartseq2/GSE309071	no_barcode_file
SRR35586231	GSE309071	1.0		data/isoquant_smartseq2/GSE309071	no_barcode_file
SRR35586232	GSE309071	1.0		data/isoquant_smartseq2/GSE309071	no_barcode_file
SRR35586233	GSE309071	1.0		data/isoquant_smartseq2/GSE309071	no_barcode_file
SRR35586234	GSE309071	1.0		data/isoquant_smartseq2/GSE309071	no_barcode_file
SRR35586235	GSE309071	1.0		data/isoquant_smartseq2/GSE309071	no_barcode_file
SRR35586236	GSE309071	1.0		data/isoquant_smartseq2/GSE309071	no_barcode_file
SRR35586237	GSE309071	1.0		data/isoquant_smartseq2/GSE309071	no_barcode_file
SRR35586238	GSE309071	1.0		data/isoquant_smartseq2/GSE309071	no_barcode_file
SRR35586239	GSE309071	1.0		data/isoquant_smartseq2/GSE309071	no_barcode_file
SRR35586240	GSE309071	1.0		data/isoquant_smartseq2/GSE309071	no_barcode_file
SRR35586241	GSE309071	1.0		data/isoquant_smartseq2/GSE309071	no_barcode_file
SRR35586242	GSE309071	1.0		data/isoquant_smartseq2/GSE309071	no_barcode_file
SRR35586243	GSE309071	1.0		data/isoquant_smartseq2/GSE309071	no_barcode_file
SRR35586244	GSE309071	1.0		data/isoquant_smartseq2/GSE309071	no_barcode_file
SRR35586245	GSE309071	1.0		data/isoquant_smartseq2/GSE309071	no_barcode_file
SRR35586246	GSE309071	1.0		data/isoquant_smartseq2/GSE309071	no_barcode_file
SRR35586247	GSE309071	1.0		data/isoquant_smartseq2/GSE309071	no_barcode_file
SRR35586248	GSE309071	1.0		data/isoquant_smartseq2/GSE309071	no_barcode_file
SRR35586249	GSE309071	1.0		data/isoquant_smartseq2/GSE309071	no_barcode_file
SRR35586250	GSE309071	1.0		data/isoquant_smartseq2/GSE309071	no_barcode_file
SRR35586251	GSE309071	1.0		data/isoquant_smartseq2/GSE309071	no_barcode_file
SRR35586252	GSE309071	1.0		data/isoquant_smartseq2/GSE309071	no_barcode_file
SRR35586253	GSE309071	1.0		data/isoquant_smartseq2/GSE309071	no_barcode_file
SRR35586254	GSE309071	1.0		data/isoquant_smartseq2/GSE309071	no_barcode_file
SRR35586255	GSE309071	1.0		data/isoquant_smartseq2/GSE309071	no_barcode_file
SRR35586256	GSE309071	1.0		data/isoquant_smartseq2/GSE309071	no_barcode_file
SRR35586257	GSE309071	1.0		data/isoquant_smartseq2/GSE309071	no_barcode_file
SRR35586258	GSE309071	1.0		data/isoquant_smartseq2/GSE309071	no_barcode_file
SRR35586259	GSE309071	1.0		data/isoquant_smartseq2/GSE309071	no_barcode_file
SRR35586260	GSE309071	1.0		data/isoquant_smartseq2/GSE309071	no_barcode_file
SRR35586261	GSE309071	1.0		data/isoquant_smartseq2/GSE309071	no_barcode_file
SRR35586263	GSE309071	1.0		data/isoquant_smartseq2/GSE309071	no_barcode_file
SRR35586264	GSE309071	1.0		data/isoquant_smartseq2/GSE309071	no_barcode_file
SRR35586265	GSE309071	1.0		data/isoquant_smartseq2/GSE309071	no_barcode_file
SRR35586266	GSE309071	1.0		data/isoquant_smartseq2/GSE309071	no_barcode_file
SRR35586267	GSE309071	1.0		data/isoquant_smartseq2/GSE309071	no_barcode_file
SRR35586268	GSE309071	1.0		data/isoquant_smartseq2/GSE309071	no_barcode_file
SRR35586269	GSE309071	1.0		data/isoquant_smartseq2/GSE309071	no_barcode_file
SRR35586270	GSE309071	1.0		data/isoquant_smartseq2/GSE309071	no_barcode_file
SRR35586271	GSE309071	1.0		data/isoquant_smartseq2/GSE309071	no_barcode_file
SRR35586272	GSE309071	1.0		data/isoquant_smartseq2/GSE309071	no_barcode_file
SRR35586274	GSE309071	1.0		data/isoquant_smartseq2/GSE309071	no_barcode_file
SRR35586275	GSE309071	1.0		data/isoquant_smartseq2/GSE309071	no_barcode_file
SRR35586276	GSE309071	1.0		data/isoquant_smartseq2/GSE309071	no_barcode_file
SRR35586277	GSE309071	1.0		data/isoquant_smartseq2/GSE309071	no_barcode_file
SRR35586278	GSE309071	1.0		data/isoquant_smartseq2/GSE309071	no_barcode_file
SRR35586279	GSE309071	1.0		data/isoquant_smartseq2/GSE309071	no_barcode_file
SRR35586280	GSE309071	1.0		data/isoquant_smartseq2/GSE309071	no_barcode_file
SRR35586281	GSE309071	1.0		data/isoquant_smartseq2/GSE309071	no_barcode_file
SRR35586282	GSE309071	1.0		data/isoquant_smartseq2/GSE309071	no_barcode_file
SRR35586283	GSE309071	1.0		data/isoquant_smartseq2/GSE309071	no_barcode_file
SRR35586284	GSE309071	1.0		data/isoquant_smartseq2/GSE309071	no_barcode_file
SRR35586285	GSE309071	1.0		data/isoquant_smartseq2/GSE309071	no_barcode_file
SRR35586286	GSE309071	1.0		data/isoquant_smartseq2/GSE309071	no_barcode_file
SRR35586287	GSE309071	1.0		data/isoquant_smartseq2/GSE309071	no_barcode_file
SRR35586288	GSE309071	1.0		data/isoquant_smartseq2/GSE309071	no_barcode_file
SRR35586289	GSE309071	1.0		data/isoquant_smartseq2/GSE309071	no_barcode_file
SRR35586290	GSE309071	1.0		data/isoquant_smartseq2/GSE309071	no_barcode_file
SRR35586291	GSE309071	1.0		data/isoquant_smartseq2/GSE309071	no_barcode_file
SRR35586292	GSE309071	1.0		data/isoquant_smartseq2/GSE309071	no_barcode_file
SRR35586293	GSE309071	1.0		data/isoquant_smartseq2/GSE309071	no_barcode_file
SRR35586294	GSE309071	1.0		data/isoquant_smartseq2/GSE309071	no_barcode_file
SRR35586295	GSE309071	1.0		data/isoquant_smartseq2/GSE309071	no_barcode_file
SRR35586296	GSE309071	1.0		data/isoquant_smartseq2/GSE309071	no_barcode_file
SRR35586297	GSE309071	1.0		data/isoquant_smartseq2/GSE309071	no_barcode_file
SRR35586298	GSE309071	1.0		data/isoquant_smartseq2/GSE309071	no_barcode_file
SRR35586299	GSE309071	1.0		data/isoquant_smartseq2/GSE309071	no_barcode_file
SRR35586300	GSE309071	1.0		data/isoquant_smartseq2/GSE309071	no_barcode_file
SRR35586301	GSE309071	1.0		data/isoquant_smartseq2/GSE309071	no_barcode_file
SRR35586302	GSE309071	1.0		data/isoquant_smartseq2/GSE309071	no_barcode_file
SRR35586303	GSE309071	1.0		data/isoquant_smartseq2/GSE309071	no_barcode_file
SRR35586304	GSE309071	1.0		data/isoquant_smartseq2/GSE309071	no_barcode_file
SRR35586305	GSE309071	1.0		data/isoquant_smartseq2/GSE309071	no_barcode_file
SRR35586306	GSE309071	1.0		data/isoquant_smartseq2/GSE309071	no_barcode_file
SRR35586307	GSE309071	1.0		data/isoquant_smartseq2/GSE309071	no_barcode_file
SRR35586308	GSE309071	1.0		data/isoquant_smartseq2/GSE309071	no_barcode_file
SRR35586309	GSE309071	1.0		data/isoquant_smartseq2/GSE309071	no_barcode_file
SRR35586310	GSE309071	1.0		data/isoquant_smartseq2/GSE309071	no_barcode_file
SRR35586311	GSE309071	1.0		data/isoquant_smartseq2/GSE309071	no_barcode_file
SRR35586312	GSE309071	1.0		data/isoquant_smartseq2/GSE309071	no_barcode_file
SRR35586313	GSE309071	1.0		data/isoquant_smartseq2/GSE309071	no_barcode_file
SRR35586314	GSE309071	1.0		data/isoquant_smartseq2/GSE309071	no_barcode_file
SRR35586315	GSE309071	1.0		data/isoquant_smartseq2/GSE309071	no_barcode_file
SRR35586316	GSE309071	1.0		data/isoquant_smartseq2/GSE309071	no_barcode_file
SRR35586317	GSE309071	1.0		data/isoquant_smartseq2/GSE309071	no_barcode_file
SRR35586318	GSE309071	1.0		data/isoquant_smartseq2/GSE309071	no_barcode_file
SRR35586319	GSE309071	1.0		data/isoquant_smartseq2/GSE309071	no_barcode_file
SRR35586320	GSE309071	1.0		data/isoquant_smartseq2/GSE309071	no_barcode_file
SRR35586321	GSE309071	1.0		data/isoquant_smartseq2/GSE309071	no_barcode_file
SRR35586323	GSE309071	1.0		data/isoquant_smartseq2/GSE309071	no_barcode_file
SRR35586324	GSE309071	1.0		data/isoquant_smartseq2/GSE309071	no_barcode_file
SRR35586325	GSE309071	1.0		data/isoquant_smartseq2/GSE309071	no_barcode_file
SRR35586326	GSE309071	1.0		data/isoquant_smartseq2/GSE309071	no_barcode_file
SRR35586327	GSE309071	1.0		data/isoquant_smartseq2/GSE309071	no_barcode_file
SRR35586328	GSE309071	1.0		data/isoquant_smartseq2/GSE309071	no_barcode_file
SRR35586329	GSE309071	1.0		data/isoquant_smartseq2/GSE309071	no_barcode_file
SRR35586330	GSE309071	1.0		data/isoquant_smartseq2/GSE309071	no_barcode_file
SRR35586331	GSE309071	1.0		data/isoquant_smartseq2/GSE309071	no_barcode_file
SRR35586332	GSE309071	1.0		data/isoquant_smartseq2/GSE309071	no_barcode_file
SRR35586333	GSE309071	1.0		data/isoquant_smartseq2/GSE309071	no_barcode_file
SRR35586334	GSE309071	1.0		data/isoquant_smartseq2/GSE309071	no_barcode_file
SRR35586335	GSE309071	1.0		data/isoquant_smartseq2/GSE309071	no_barcode_file
SRR35586336	GSE309071	1.0		data/isoquant_smartseq2/GSE309071	no_barcode_file
SRR35586337	GSE309071	1.0		data/isoquant_smartseq2/GSE309071	no_barcode_file
SRR35586338	GSE309071	1.0		data/isoquant_smartseq2/GSE309071	no_barcode_file
SRR35586339	GSE309071	1.0		data/isoquant_smartseq2/GSE309071	no_barcode_file
SRR35586340	GSE309071	1.0		data/isoquant_smartseq2/GSE309071	no_barcode_file
SRR35586341	GSE309071	1.0		data/isoquant_smartseq2/GSE309071	no_barcode_file
SRR35586342	GSE309071	1.0		data/isoquant_smartseq2/GSE309071	no_barcode_file
SRR35586343	GSE309071	1.0		data/isoquant_smartseq2/GSE309071	no_barcode_file
SRR35586344	GSE309071	1.0		data/isoquant_smartseq2/GSE309071	no_barcode_file
SRR35586345	GSE309071	1.0		data/isoquant_smartseq2/GSE309071	no_barcode_file
SRR35586346	GSE309071	1.0		data/isoquant_smartseq2/GSE309071	no_barcode_file
SRR35586347	GSE309071	1.0		data/isoquant_smartseq2/GSE309071	no_barcode_file
SRR35586348	GSE309071	1.0		data/isoquant_smartseq2/GSE309071	no_barcode_file
SRR35586349	GSE309071	1.0		data/isoquant_smartseq2/GSE309071	no_barcode_file
SRR35586350	GSE309071	1.0		data/isoquant_smartseq2/GSE309071	no_barcode_file
SRR35586351	GSE309071	1.0		data/isoquant_smartseq2/GSE309071	no_barcode_file
SRR35586352	GSE309071	1.0		data/isoquant_smartseq2/GSE309071	no_barcode_file
SRR35586353	GSE309071	1.0		data/isoquant_smartseq2/GSE309071	no_barcode_file
SRR35586354	GSE309071	1.0		data/isoquant_smartseq2/GSE309071	no_barcode_file
SRR35586355	GSE309071	1.0		data/isoquant_smartseq2/GSE309071	no_barcode_file
SRR35586356	GSE309071	1.0		data/isoquant_smartseq2/GSE309071	no_barcode_file
SRR35586357	GSE309071	1.0		data/isoquant_smartseq2/GSE309071	no_barcode_file
SRR35586358	GSE309071	1.0		data/isoquant_smartseq2/GSE309071	no_barcode_file
SRR35586359	GSE309071	1.0		data/isoquant_smartseq2/GSE309071	no_barcode_file
SRR35586360	GSE309071	1.0		data/isoquant_smartseq2/GSE309071	no_barcode_file
SRR35586361	GSE309071	1.0		data/isoquant_smartseq2/GSE309071	no_barcode_file
SRR35586362	GSE309071	1.0		data/isoquant_smartseq2/GSE309071	no_barcode_file
SRR35586363	GSE309071	1.0		data/isoquant_smartseq2/GSE309071	no_barcode_file
SRR35586364	GSE309071	1.0		data/isoquant_smartseq2/GSE309071	no_barcode_file
SRR35586365	GSE309071	1.0		data/isoquant_smartseq2/GSE309071	no_barcode_file
SRR35586366	GSE309071	1.0		data/isoquant_smartseq2/GSE309071	no_barcode_file
SRR35586367	GSE309071	1.0		data/isoquant_smartseq2/GSE309071	no_barcode_file
SRR36480452	GSE314176	14400.0	333043.0	data/isoquant_pacbio/GSE314059/SRR36480452	mismatch
SRR36480453	GSE314176	12730.0	310166.0	data/isoquant_pacbio/GSE314059/SRR36480453	mismatch
SRR36480454	GSE314176	4094.0	198213.0	data/isoquant_pacbio/GSE314059/SRR36480454	mismatch
SRR3224853	GSE76026	1.0		data/isoquant_smartseq2/GSE76026	no_barcode_file
SRR3224854	GSE76026	1.0		data/isoquant_smartseq2/GSE76026	no_barcode_file
SRR3224855	GSE76026	1.0		data/isoquant_smartseq2/GSE76026	no_barcode_file
SRR3224856	GSE76026	1.0		data/isoquant_smartseq2/GSE76026	no_barcode_file
SRR3224857	GSE76026	1.0		data/isoquant_smartseq2/GSE76026	no_barcode_file
SRR3224858	GSE76026	1.0		data/isoquant_smartseq2/GSE76026	no_barcode_file
SRR3224859	GSE76026	1.0		data/isoquant_smartseq2/GSE76026	no_barcode_file
SRR3224860	GSE76026	1.0		data/isoquant_smartseq2/GSE76026	no_barcode_file
SRR3224861	GSE76026	1.0		data/isoquant_smartseq2/GSE76026	no_barcode_file
SRR3224862	GSE76026	1.0		data/isoquant_smartseq2/GSE76026	no_barcode_file
SRR3224863	GSE76026	1.0		data/isoquant_smartseq2/GSE76026	no_barcode_file
SRR3224864	GSE76026	1.0		data/isoquant_smartseq2/GSE76026	no_barcode_file
