srr	gse	species	platform	isoquant_cells	registry_positive_reference_transcripts	transcript_rows_enumerated	observed_run_transcript_detections	registry_recount_delta	registry_recount_match	observed_reference_transcript_detections	observed_isoquant_novel_transcript_detections	observed_other_transcript_detections	transcript_assigned_molecules	transcript_duplicate_headers_skipped	discovered_transcript_rows_enumerated	observed_discovered_run_transcript_detections	observed_discovered_reference_transcript_detections	observed_discovered_isoquant_novel_transcript_detections	observed_discovered_other_transcript_detections	discovered_transcript_assigned_molecules	discovered_duplicate_headers_skipped	gene_rows_enumerated	observed_run_gene_detections	gene_assigned_molecules	gene_duplicate_headers_skipped	transcript_counts_path	discovered_transcript_counts_path	gene_counts_path
CT	GSA_mouse_testis_11week	mouse	ONT	23549	36273	125556	36273	0	True	36273	0	0	9081477.0	0	0	0	0	0	0	0.0	0	33696	21345	14687705.0	0	data/isoquant/GSA_mouse_testis_11week/CT/CT.transcript_counts.tsv	data/isoquant/GSA_mouse_testis_11week/CT/CT.discovered_transcript_counts.tsv	data/isoquant/GSA_mouse_testis_11week/CT/CT.gene_counts.tsv
MTECTRSCRNAONTR2	GSA_mouse_testis_11week	mouse	ONT	16036	36123	125556	36123	0	True	36123	0	0	8518219.0	0	0	0	0	0	0	0.0	0	33696	22181	13736517.0	0	data/isoquant/GSA_mouse_testis_11week/MTECTRSCRNAONTR2/MTECTRSCRNAONTR2.transcript_counts.tsv	data/isoquant/GSA_mouse_testis_11week/MTECTRSCRNAONTR2/MTECTRSCRNAONTR2.discovered_transcript_counts.tsv	data/isoquant/GSA_mouse_testis_11week/MTECTRSCRNAONTR2/MTECTRSCRNAONTR2.gene_counts.tsv
SRR9008425	GSE130708	mouse	ONT	177	17848	125556	17848	0	True	17848	0	0	1608138.0	0	31968	31828	15356	16472	0	1855683.0	0	33696	12309	2774089.0	0	data/isoquant/GSE130708/SRR9008425/SRR9008425/SRR9008425.transcript_counts.tsv	data/isoquant/GSE130708/SRR9008425/SRR9008425/SRR9008425.discovered_transcript_counts.tsv	data/isoquant/GSE130708/SRR9008425/SRR9008425/SRR9008425.gene_counts.tsv
SRR9008427	GSE130708	mouse	ONT	827	16782	125556	16782	0	True	16782	0	0	850143.0	0	25115	24985	15148	9837	0	998202.0	0	33696	11911	1539997.0	0	data/isoquant/GSE130708/SRR9008427/SRR9008427/SRR9008427.transcript_counts.tsv	data/isoquant/GSE130708/SRR9008427/SRR9008427/SRR9008427.discovered_transcript_counts.tsv	data/isoquant/GSE130708/SRR9008427/SRR9008427/SRR9008427.gene_counts.tsv
SRR9008428	GSE130708	mouse	ONT	896	20869	125556	20869	0	True	20869	0	0	1592554.0	0	27399	27268	17651	9617	0	1744414.0	0	33696	13864	2733034.0	0	data/isoquant/GSE130708/SRR9008428/SRR9008428/SRR9008428.transcript_counts.tsv	data/isoquant/GSE130708/SRR9008428/SRR9008428/SRR9008428.discovered_transcript_counts.tsv	data/isoquant/GSE130708/SRR9008428/SRR9008428/SRR9008428.gene_counts.tsv
SRR9008429	GSE130708	mouse	ONT	922	22375	125556	22375	0	True	22375	0	0	1762738.0	0	30333	30203	18387	11816	0	1950518.0	0	33696	14005	3073017.0	0	data/isoquant/GSE130708/SRR9008429/SRR9008429/SRR9008429.transcript_counts.tsv	data/isoquant/GSE130708/SRR9008429/SRR9008429/SRR9008429.discovered_transcript_counts.tsv	data/isoquant/GSE130708/SRR9008429/SRR9008429/SRR9008429.gene_counts.tsv
SRR9008431	GSE130708	mouse	ONT	917	20940	125556	20940	0	True	20940	0	0	1417229.0	0	27177	27042	17473	9569	0	1581313.0	0	33696	13673	2462581.0	0	data/isoquant/GSE130708/SRR9008431/SRR9008431/SRR9008431.transcript_counts.tsv	data/isoquant/GSE130708/SRR9008431/SRR9008431/SRR9008431.discovered_transcript_counts.tsv	data/isoquant/GSE130708/SRR9008431/SRR9008431/SRR9008431.gene_counts.tsv
SRR9008433	GSE130708	mouse	ONT	905	19001	125556	19001	0	True	19001	0	0	1333515.0	0	27017	26919	16070	10849	0	1513731.0	0	33696	13004	2424228.0	0	data/isoquant/GSE130708/SRR9008433/SRR9008433/SRR9008433.transcript_counts.tsv	data/isoquant/GSE130708/SRR9008433/SRR9008433/SRR9008433.discovered_transcript_counts.tsv	data/isoquant/GSE130708/SRR9008433/SRR9008433/SRR9008433.gene_counts.tsv
SRR12699083	GSE158450	mouse	PacBio	7286	37347	125556	37347	0	True	37347	0	0	7581521.0	0	177163	176909	26992	149917	0	9915456.0	0	33696	18570	12389250.0	0	data/isoquant_pacbio/GSE158450/SRR12699083/SRR12699083.transcript_counts.tsv	data/isoquant_pacbio/GSE158450/SRR12699083/SRR12699083.discovered_transcript_counts.tsv	data/isoquant_pacbio/GSE158450/SRR12699083/SRR12699083.gene_counts.tsv
SRR12699084	GSE158450	mouse	PacBio	5273	25993	125556	25993	0	True	25993	0	0	2641907.0	0	121010	120608	20831	99777	0	3538608.0	0	33696	16937	4410299.0	0	data/isoquant_pacbio/GSE158450/SRR12699084/SRR12699084.transcript_counts.tsv	data/isoquant_pacbio/GSE158450/SRR12699084/SRR12699084.discovered_transcript_counts.tsv	data/isoquant_pacbio/GSE158450/SRR12699084/SRR12699084.gene_counts.tsv
SRR12699085	GSE158450	mouse	PacBio	3146	26624	125556	26624	0	True	26624	0	0	2151742.0	0	96129	95835	20486	75349	0	2699510.0	0	33696	15742	3450923.0	0	data/isoquant_pacbio/GSE158450/SRR12699085/SRR12699085.transcript_counts.tsv	data/isoquant_pacbio/GSE158450/SRR12699085/SRR12699085.discovered_transcript_counts.tsv	data/isoquant_pacbio/GSE158450/SRR12699085/SRR12699085.gene_counts.tsv
SRR12699086	GSE158450	mouse	PacBio	2474	22505	125556	22505	0	True	22505	0	0	2321608.0	0	97405	97000	18776	78224	0	2738332.0	0	33696	15970	3641868.0	0	data/isoquant_pacbio/GSE158450/SRR12699086/SRR12699086.transcript_counts.tsv	data/isoquant_pacbio/GSE158450/SRR12699086/SRR12699086.discovered_transcript_counts.tsv	data/isoquant_pacbio/GSE158450/SRR12699086/SRR12699086.gene_counts.tsv
SRR14808726	GSE178175	human	PacBio	5135	4916	226005	4916	0	True	4916	0	0	12704.0	0	17163	17106	4650	12456	0	48962.0	0	38606	10654	63410.0	0	data/isoquant/GSE178175/SRR14808726/SRR14808726/SRR14808726.transcript_counts.tsv	data/isoquant/GSE178175/SRR14808726/SRR14808726/SRR14808726.discovered_transcript_counts.tsv	data/isoquant/GSE178175/SRR14808726/SRR14808726/SRR14808726.gene_counts.tsv
SRR14808727	GSE178175	human	PacBio	5224	6786	226005	6786	0	True	6786	0	0	24000.0	0	30047	29963	6203	23760	0	98805.0	0	38606	12381	115358.0	0	data/isoquant/GSE178175/SRR14808727/SRR14808727/SRR14808727.transcript_counts.tsv	data/isoquant/GSE178175/SRR14808727/SRR14808727/SRR14808727.discovered_transcript_counts.tsv	data/isoquant/GSE178175/SRR14808727/SRR14808727/SRR14808727.gene_counts.tsv
SRR14808728	GSE178175	human	PacBio	7739	16116	226005	16116	0	True	16116	0	0	97258.0	0	45583	45434	13061	32373	0	250350.0	0	38606	12268	328577.0	0	data/isoquant/GSE178175/SRR14808728/SRR14808728/SRR14808728.transcript_counts.tsv	data/isoquant/GSE178175/SRR14808728/SRR14808728/SRR14808728.discovered_transcript_counts.tsv	data/isoquant/GSE178175/SRR14808728/SRR14808728/SRR14808728.gene_counts.tsv
SRR14808729	GSE178175	human	PacBio	7738	19118	226005	19118	0	True	19118	0	0	143286.0	0	59185	59049	14519	44530	0	370656.0	0	38606	13256	484027.0	0	data/isoquant/GSE178175/SRR14808729/SRR14808729/SRR14808729.transcript_counts.tsv	data/isoquant/GSE178175/SRR14808729/SRR14808729/SRR14808729.discovered_transcript_counts.tsv	data/isoquant/GSE178175/SRR14808729/SRR14808729/SRR14808729.gene_counts.tsv
SRR14808730	GSE178175	human	PacBio	7658	18013	226005	18013	0	True	18013	0	0	124291.0	0	54496	54364	13970	40394	0	327080.0	0	38606	12899	421163.0	0	data/isoquant/GSE178175/SRR14808730/SRR14808730/SRR14808730.transcript_counts.tsv	data/isoquant/GSE178175/SRR14808730/SRR14808730/SRR14808730.discovered_transcript_counts.tsv	data/isoquant/GSE178175/SRR14808730/SRR14808730/SRR14808730.gene_counts.tsv
SRR14808732	GSE178175	human	PacBio	7745	17763	226005	17763	0	True	17763	0	0	120454.0	0	52622	52471	13929	38542	0	312794.0	0	38606	12843	406682.0	0	data/isoquant/GSE178175/SRR14808732/SRR14808732/SRR14808732.transcript_counts.tsv	data/isoquant/GSE178175/SRR14808732/SRR14808732/SRR14808732.discovered_transcript_counts.tsv	data/isoquant/GSE178175/SRR14808732/SRR14808732/SRR14808732.gene_counts.tsv
SRR14808733	GSE178175	human	PacBio	7692	17390	226005	17390	0	True	17390	0	0	113652.0	0	50827	50681	13608	37073	0	294973.0	0	38606	12725	385049.0	0	data/isoquant/GSE178175/SRR14808733/SRR14808733/SRR14808733.transcript_counts.tsv	data/isoquant/GSE178175/SRR14808733/SRR14808733/SRR14808733.discovered_transcript_counts.tsv	data/isoquant/GSE178175/SRR14808733/SRR14808733/SRR14808733.gene_counts.tsv
SRR14808735	GSE178175	human	PacBio	7639	16457	226005	16457	0	True	16457	0	0	99882.0	0	45553	45419	13148	32271	0	252963.0	0	38606	12275	330714.0	0	data/isoquant/GSE178175/SRR14808735/SRR14808735/SRR14808735.transcript_counts.tsv	data/isoquant/GSE178175/SRR14808735/SRR14808735/SRR14808735.discovered_transcript_counts.tsv	data/isoquant/GSE178175/SRR14808735/SRR14808735/SRR14808735.gene_counts.tsv
SRR14808736	GSE178175	human	PacBio	5851	9020	226005	9020	0	True	9020	0	0	34436.0	0	18688	18587	8757	9830	0	74846.0	0	38606	9118	106365.0	0	data/isoquant/GSE178175/SRR14808736/SRR14808736/SRR14808736.transcript_counts.tsv	data/isoquant/GSE178175/SRR14808736/SRR14808736/SRR14808736.discovered_transcript_counts.tsv	data/isoquant/GSE178175/SRR14808736/SRR14808736/SRR14808736.gene_counts.tsv
SRR14808737	GSE178175	human	PacBio	3881	4260	226005	4260	0	True	4260	0	0	9342.0	0	7439	7352	5077	2275	0	19686.0	0	38606	5618	27657.0	0	data/isoquant/GSE178175/SRR14808737/SRR14808737/SRR14808737.transcript_counts.tsv	data/isoquant/GSE178175/SRR14808737/SRR14808737/SRR14808737.discovered_transcript_counts.tsv	data/isoquant/GSE178175/SRR14808737/SRR14808737/SRR14808737.gene_counts.tsv
SRR14808738	GSE178175	human	PacBio	4719	6213	226005	6213	0	True	6213	0	0	17487.0	0	11667	11566	6712	4854	0	37455.0	0	38606	7208	53260.0	0	data/isoquant/GSE178175/SRR14808738/SRR14808738/SRR14808738.transcript_counts.tsv	data/isoquant/GSE178175/SRR14808738/SRR14808738/SRR14808738.discovered_transcript_counts.tsv	data/isoquant/GSE178175/SRR14808738/SRR14808738/SRR14808738.gene_counts.tsv
SRR14808739	GSE178175	human	PacBio	4243	5050	226005	5050	0	True	5050	0	0	12476.0	0	9129	9064	5826	3238	0	26595.0	0	38606	6412	37794.0	0	data/isoquant/GSE178175/SRR14808739/SRR14808739/SRR14808739.transcript_counts.tsv	data/isoquant/GSE178175/SRR14808739/SRR14808739/SRR14808739.discovered_transcript_counts.tsv	data/isoquant/GSE178175/SRR14808739/SRR14808739/SRR14808739.gene_counts.tsv
SRR14808740	GSE178175	human	PacBio	6239	11334	226005	11334	0	True	11334	0	0	52859.0	0	25344	25212	10309	14903	0	118575.0	0	38606	10279	165222.0	0	data/isoquant/GSE178175/SRR14808740/SRR14808740/SRR14808740.transcript_counts.tsv	data/isoquant/GSE178175/SRR14808740/SRR14808740/SRR14808740.discovered_transcript_counts.tsv	data/isoquant/GSE178175/SRR14808740/SRR14808740/SRR14808740.gene_counts.tsv
SRR14808741	GSE178175	human	PacBio	4078	4953	226005	4953	0	True	4953	0	0	11743.0	0	8710	8626	5623	3003	0	24526.0	0	38606	6254	35324.0	0	data/isoquant/GSE178175/SRR14808741/SRR14808741/SRR14808741.transcript_counts.tsv	data/isoquant/GSE178175/SRR14808741/SRR14808741/SRR14808741.discovered_transcript_counts.tsv	data/isoquant/GSE178175/SRR14808741/SRR14808741/SRR14808741.gene_counts.tsv
SRR14808743	GSE178175	human	ONT	7770	39616	226005	39616	0	True	39616	0	0	689629.0	0	55190	55096	21500	33596	0	1250384.0	0	38606	17368	2321882.0	0	data/isoquant/GSE178175/SRR14808743/SRR14808743/SRR14808743.transcript_counts.tsv	data/isoquant/GSE178175/SRR14808743/SRR14808743/SRR14808743.discovered_transcript_counts.tsv	data/isoquant/GSE178175/SRR14808743/SRR14808743/SRR14808743.gene_counts.tsv
SRR14808744	GSE178175	human	ONT	678	673	226005	673	0	True	673	0	0	763.0	0	1047	1024	887	137	0	1456.0	0	38606	1395	2265.0	0	data/isoquant/GSE178175/SRR14808744/SRR14808744/SRR14808744.transcript_counts.tsv	data/isoquant/GSE178175/SRR14808744/SRR14808744/SRR14808744.discovered_transcript_counts.tsv	data/isoquant/GSE178175/SRR14808744/SRR14808744/SRR14808744.gene_counts.tsv
SRR14808745	GSE178175	human	ONT	7879	57758	226005	57758	0	True	57758	0	0	2552704.0	0	82349	82262	28336	53926	0	4561213.0	0	38606	19885	8181921.0	0	data/isoquant/GSE178175/SRR14808745/SRR14808745/SRR14808745.transcript_counts.tsv	data/isoquant/GSE178175/SRR14808745/SRR14808745/SRR14808745.discovered_transcript_counts.tsv	data/isoquant/GSE178175/SRR14808745/SRR14808745/SRR14808745.gene_counts.tsv
SRR14808746	GSE178175	human	ONT	7050	52084	226005	52084	0	True	52084	0	0	1769124.0	0	59578	59470	26381	33089	0	2921087.0	0	38606	19021	5666287.0	0	data/isoquant/GSE178175/SRR14808746/SRR14808746/SRR14808746.transcript_counts.tsv	data/isoquant/GSE178175/SRR14808746/SRR14808746/SRR14808746.discovered_transcript_counts.tsv	data/isoquant/GSE178175/SRR14808746/SRR14808746/SRR14808746.gene_counts.tsv
SRR14808747	GSE178175	human	ONT	1153	1181	226005	1181	0	True	1181	0	0	1509.0	0	1849	1816	1488	328	0	2974.0	0	38606	2305	4754.0	0	data/isoquant/GSE178175/SRR14808747/SRR14808747/SRR14808747.transcript_counts.tsv	data/isoquant/GSE178175/SRR14808747/SRR14808747/SRR14808747.discovered_transcript_counts.tsv	data/isoquant/GSE178175/SRR14808747/SRR14808747/SRR14808747.gene_counts.tsv
SRR17074937	GSE178175	human	PacBio	6016	7227	226005	7227	0	True	7227	0	0	24049.0	0	49500	49425	7033	42392	0	156895.0	0	38606	12117	120212.0	0	data/isoquant/GSE178175/SRR17074937/SRR17074937/SRR17074937.transcript_counts.tsv	data/isoquant/GSE178175/SRR17074937/SRR17074937/SRR17074937.discovered_transcript_counts.tsv	data/isoquant/GSE178175/SRR17074937/SRR17074937/SRR17074937.gene_counts.tsv
SRR17074938	GSE178175	mouse	ONT	5117	20565	125556	20565	0	True	20565	0	0	667090.0	0	17999	17909	15380	2529	0	684155.0	0	33696	15404	1061723.0	0	data/isoquant/GSE178175/SRR17074938/SRR17074938/SRR17074938.transcript_counts.tsv	data/isoquant/GSE178175/SRR17074938/SRR17074938/SRR17074938.discovered_transcript_counts.tsv	data/isoquant/GSE178175/SRR17074938/SRR17074938/SRR17074938.gene_counts.tsv
SRR21492154	GSE212945	human	ONT	6603	51834	226005	51834	0	True	51834	0	0	8694044.0	0	85414	85299	30554	54745	0	10088857.0	0	38606	22690	17212039.0	0	data/isoquant/GSE212945/SRR21492154/SRR21492154/SRR21492154.transcript_counts.tsv	data/isoquant/GSE212945/SRR21492154/SRR21492154/SRR21492154.discovered_transcript_counts.tsv	data/isoquant/GSE212945/SRR21492154/SRR21492154/SRR21492154.gene_counts.tsv
SRR21492155	GSE212945	human	ONT	8429	52177	226005	52177	0	True	52177	0	0	5273124.0	0	58532	58396	31598	26798	0	5839388.0	0	38606	21993	11349720.0	0	data/isoquant/GSE212945/SRR21492155/SRR21492155/SRR21492155.transcript_counts.tsv	data/isoquant/GSE212945/SRR21492155/SRR21492155/SRR21492155.discovered_transcript_counts.tsv	data/isoquant/GSE212945/SRR21492155/SRR21492155/SRR21492155.gene_counts.tsv
SRR21492156	GSE212945	human	ONT	3690	50813	226005	50813	0	True	50813	0	0	4707327.0	0	142442	142276	29037	113239	0	8191074.0	0	38606	23256	12340300.0	0	data/isoquant/GSE212945/SRR21492156/SRR21492156/SRR21492156.transcript_counts.tsv	data/isoquant/GSE212945/SRR21492156/SRR21492156/SRR21492156.discovered_transcript_counts.tsv	data/isoquant/GSE212945/SRR21492156/SRR21492156/SRR21492156.gene_counts.tsv
SRR21492157	GSE212945	human	ONT	3587	41320	226005	41320	0	True	41320	0	0	1991492.0	0	72201	72005	26075	45930	0	2950406.0	0	38606	21794	4981359.0	0	data/isoquant/GSE212945/SRR21492157/SRR21492157/SRR21492157.transcript_counts.tsv	data/isoquant/GSE212945/SRR21492157/SRR21492157/SRR21492157.discovered_transcript_counts.tsv	data/isoquant/GSE212945/SRR21492157/SRR21492157/SRR21492157.gene_counts.tsv
SRR34318914	GSE212945	human	ONT	3672	49600	226005	49600	0	True	49600	0	0	5506535.0	0	53674	53487	31392	22095	0	6002324.0	0	38606	20646	12362288.0	0	data/isoquant/GSE212945/SRR34318914/SRR34318914/SRR34318914.transcript_counts.tsv	data/isoquant/GSE212945/SRR34318914/SRR34318914/SRR34318914.discovered_transcript_counts.tsv	data/isoquant/GSE212945/SRR34318914/SRR34318914/SRR34318914.gene_counts.tsv
SRR34318915	GSE212945	human	ONT	4059	28873	226005	28873	0	True	28873	0	0	1581386.0	0	26102	25945	19243	6702	0	1708973.0	0	38606	17292	3394926.0	0	data/isoquant/GSE212945/SRR34318915/SRR34318915/SRR34318915.transcript_counts.tsv	data/isoquant/GSE212945/SRR34318915/SRR34318915/SRR34318915.discovered_transcript_counts.tsv	data/isoquant/GSE212945/SRR34318915/SRR34318915/SRR34318915.gene_counts.tsv
SRR21714350	GSE214231	human	PacBio	0	868	226005	868	0	True	868	0	0	92108.0	0	4039	4032	834	3198	0	261874.0	0	38606	1778	399968.0	0	data/isoquant_pacbio/GSE214231/SRR21714350/SRR21714350.transcript_counts.tsv	data/isoquant_pacbio/GSE214231/SRR21714350/SRR21714350.discovered_transcript_counts.tsv	data/isoquant_pacbio/GSE214231/SRR21714350/SRR21714350.gene_counts.tsv
SRR21714351	GSE214231	human	PacBio	0	810	226005	810	0	True	810	0	0	63342.0	0	3467	3457	794	2663	0	279397.0	0	38606	1679	324204.0	0	data/isoquant_pacbio/GSE214231/SRR21714351/SRR21714351.transcript_counts.tsv	data/isoquant_pacbio/GSE214231/SRR21714351/SRR21714351.discovered_transcript_counts.tsv	data/isoquant_pacbio/GSE214231/SRR21714351/SRR21714351.gene_counts.tsv
SRR21714352	GSE214231	human	PacBio	0	631	226005	631	0	True	631	0	0	40274.0	0	2735	2726	601	2125	0	179388.0	0	38606	1367	201067.0	0	data/isoquant_pacbio/GSE214231/SRR21714352/SRR21714352.transcript_counts.tsv	data/isoquant_pacbio/GSE214231/SRR21714352/SRR21714352.discovered_transcript_counts.tsv	data/isoquant_pacbio/GSE214231/SRR21714352/SRR21714352.gene_counts.tsv
SRR21714353	GSE214231	human	PacBio	0	2391	226005	2391	0	True	2391	0	0	41488.0	0	7518	7472	2652	4820	0	178603.0	0	38606	3753	195443.0	0	data/isoquant_pacbio/GSE214231/SRR21714353/SRR21714353.transcript_counts.tsv	data/isoquant_pacbio/GSE214231/SRR21714353/SRR21714353.discovered_transcript_counts.tsv	data/isoquant_pacbio/GSE214231/SRR21714353/SRR21714353.gene_counts.tsv
SRR21714354	GSE214231	human	PacBio	0	286	226005	286	0	True	286	0	0	6689.0	0	883	881	345	536	0	72985.0	0	38606	557	71988.0	0	data/isoquant_pacbio/GSE214231/SRR21714354/SRR21714354.transcript_counts.tsv	data/isoquant_pacbio/GSE214231/SRR21714354/SRR21714354.discovered_transcript_counts.tsv	data/isoquant_pacbio/GSE214231/SRR21714354/SRR21714354.gene_counts.tsv
SRR21714355	GSE214231	human	PacBio	0	584	226005	584	0	True	584	0	0	10912.0	0	1716	1698	601	1097	0	106712.0	0	38606	1024	109006.0	0	data/isoquant_pacbio/GSE214231/SRR21714355/SRR21714355.transcript_counts.tsv	data/isoquant_pacbio/GSE214231/SRR21714355/SRR21714355.discovered_transcript_counts.tsv	data/isoquant_pacbio/GSE214231/SRR21714355/SRR21714355.gene_counts.tsv
SRR23271781	GSE224045	human	ONT	8756	54954	226005	54954	0	True	54954	0	0	13753814.0	0	91089	90907	34748	56159	0	14830573.0	0	38606	20578	26465265.0	0	data/isoquant/GSE224045/SRR23271781/SRR23271781/SRR23271781.transcript_counts.tsv	data/isoquant/GSE224045/SRR23271781/SRR23271781/SRR23271781.discovered_transcript_counts.tsv	data/isoquant/GSE224045/SRR23271781/SRR23271781/SRR23271781.gene_counts.tsv
SRR26865982	GSE248118	human	ONT	2331	63178	226005	63178	0	True	63178	0	0	17090300.0	0	65261	65113	40000	25113	0	17295176.0	0	38606	22920	32074111.0	0	data/isoquant/GSE248118/SRR26865982/SRR26865982/SRR26865982.transcript_counts.tsv	data/isoquant/GSE248118/SRR26865982/SRR26865982/SRR26865982.discovered_transcript_counts.tsv	data/isoquant/GSE248118/SRR26865982/SRR26865982/SRR26865982.gene_counts.tsv
SRR27237241	GSE250381	mouse	PacBio	17	10409	125556	10409	0	True	10409	0	0	1317926.0	0	19357	19311	6952	12359	0	1385858.0	0	33696	9044	2342813.0	0	data/isoquant_pacbio/GSE250381/SRR27237241/SRR27237241.transcript_counts.tsv	data/isoquant_pacbio/GSE250381/SRR27237241/SRR27237241.discovered_transcript_counts.tsv	data/isoquant_pacbio/GSE250381/SRR27237241/SRR27237241.gene_counts.tsv
SRR27237242	GSE250381	mouse	PacBio	88	18948	125556	18948	0	True	18948	0	0	1428844.0	0	37720	37633	13425	24208	0	1539024.0	0	33696	13048	2506205.0	0	data/isoquant_pacbio/GSE250381/SRR27237242/SRR27237242.transcript_counts.tsv	data/isoquant_pacbio/GSE250381/SRR27237242/SRR27237242.discovered_transcript_counts.tsv	data/isoquant_pacbio/GSE250381/SRR27237242/SRR27237242.gene_counts.tsv
SRR27237243	GSE250381	mouse	PacBio	87	17218	125556	17218	0	True	17218	0	0	1559832.0	0	38035	37952	12534	25418	0	1663960.0	0	33696	12702	2791477.0	0	data/isoquant_pacbio/GSE250381/SRR27237243/SRR27237243.transcript_counts.tsv	data/isoquant_pacbio/GSE250381/SRR27237243/SRR27237243.discovered_transcript_counts.tsv	data/isoquant_pacbio/GSE250381/SRR27237243/SRR27237243.gene_counts.tsv
SRR27237244	GSE250381	mouse	PacBio	51	16764	125556	16764	0	True	16764	0	0	1371255.0	0	34486	34403	12385	22018	0	1490230.0	0	33696	12452	2398142.0	0	data/isoquant_pacbio/GSE250381/SRR27237244/SRR27237244.transcript_counts.tsv	data/isoquant_pacbio/GSE250381/SRR27237244/SRR27237244.discovered_transcript_counts.tsv	data/isoquant_pacbio/GSE250381/SRR27237244/SRR27237244.gene_counts.tsv
SRR27405402	GSE252344	human	PacBio	45	15624	226005	15624	0	True	15624	0	0	389915.0	0	8646	8640	6070	2570	0	450724.0	0	38606	10779	791173.0	0	data/isoquant_pacbio/GSE252344/SRR27405402/SRR27405402.transcript_counts.tsv	data/isoquant_pacbio/GSE252344/SRR27405402/SRR27405402.discovered_transcript_counts.tsv	data/isoquant_pacbio/GSE252344/SRR27405402/SRR27405402.gene_counts.tsv
SRR27406895	GSE252416	human	PacBio	0	7929	226005	7929	0	True	7929	0	0	142171.0	0	4703	4700	3789	911	0	82743.0	0	38606	7888	239302.0	0	data/isoquant_pacbio/GSE252416/SRR27406895/SRR27406895.transcript_counts.tsv	data/isoquant_pacbio/GSE252416/SRR27406895/SRR27406895.discovered_transcript_counts.tsv	data/isoquant_pacbio/GSE252416/SRR27406895/SRR27406895.gene_counts.tsv
SRR27935476	GSE255520	mouse	ONT	2396	21414	125556	21414	0	True	21414	0	0	924642.0	0	25817	25733	15906	9827	0	1064001.0	0	33696	15539	1695281.0	0	data/isoquant/GSE255520/Ms_Retina/Ms_Retina/Ms_Retina.transcript_counts.tsv	data/isoquant/GSE255520/Ms_Retina/Ms_Retina/Ms_Retina.discovered_transcript_counts.tsv	data/isoquant/GSE255520/Ms_Retina/Ms_Retina/Ms_Retina.gene_counts.tsv
SRR27935477	GSE255520	mouse	ONT	6398	22581	125556	22581	0	True	22581	0	0	2432531.0	0	33292	33161	18195	14966	0	2638405.0	0	33696	15117	3967092.0	0	data/isoquant/GSE255520/Ms_RGC/Ms_RGC/Ms_RGC.transcript_counts.tsv	data/isoquant/GSE255520/Ms_RGC/Ms_RGC/Ms_RGC.discovered_transcript_counts.tsv	data/isoquant/GSE255520/Ms_RGC/Ms_RGC/Ms_RGC.gene_counts.tsv
SRR27935479	GSE255520	mouse	ONT	2895	20017	125556	20017	0	True	20017	0	0	1573535.0	0	37875	37750	16117	21633	0	1887752.0	0	33696	14256	2923645.0	0	data/isoquant/GSE255520/Ms_WT_P40/Ms_WT_P40/Ms_WT_P40.transcript_counts.tsv	data/isoquant/GSE255520/Ms_WT_P40/Ms_WT_P40/Ms_WT_P40.discovered_transcript_counts.tsv	data/isoquant/GSE255520/Ms_WT_P40/Ms_WT_P40/Ms_WT_P40.gene_counts.tsv
SRR30166096	GSE274249	human	ONT	8736	61055	226005	61055	0	True	61055	0	0	14389615.0	0	67999	67846	38842	29004	0	15208702.0	0	38606	23658	29156762.0	0	data/isoquant/GSE274249/SRR30166096/SRR30166096/SRR30166096.transcript_counts.tsv	data/isoquant/GSE274249/SRR30166096/SRR30166096/SRR30166096.discovered_transcript_counts.tsv	data/isoquant/GSE274249/SRR30166096/SRR30166096/SRR30166096.gene_counts.tsv
SRR30166097	GSE274249	human	ONT	8776	33683	226005	33683	0	True	33683	0	0	2245017.0	0	33433	33239	24033	9206	0	2411791.0	0	38606	19119	4654292.0	0	data/isoquant/GSE274249/SRR30166097/SRR30166097/SRR30166097.transcript_counts.tsv	data/isoquant/GSE274249/SRR30166097/SRR30166097/SRR30166097.discovered_transcript_counts.tsv	data/isoquant/GSE274249/SRR30166097/SRR30166097/SRR30166097.gene_counts.tsv
SRR30166098	GSE274249	human	ONT	8730	67069	226005	67069	0	True	67069	0	0	19852923.0	0	69732	69563	42138	27425	0	20676241.0	0	38606	26381	40857132.0	0	data/isoquant/GSE274249/SRR30166098/SRR30166098/SRR30166098.transcript_counts.tsv	data/isoquant/GSE274249/SRR30166098/SRR30166098/SRR30166098.discovered_transcript_counts.tsv	data/isoquant/GSE274249/SRR30166098/SRR30166098/SRR30166098.gene_counts.tsv
SRR30166099	GSE274249	human	ONT	8731	34012	226005	34012	0	True	34012	0	0	2391413.0	0	32098	31938	23650	8288	0	2556346.0	0	38606	19812	5001065.0	0	data/isoquant/GSE274249/SRR30166099/SRR30166099/SRR30166099.transcript_counts.tsv	data/isoquant/GSE274249/SRR30166099/SRR30166099/SRR30166099.discovered_transcript_counts.tsv	data/isoquant/GSE274249/SRR30166099/SRR30166099/SRR30166099.gene_counts.tsv
SRR30639543	GSE276974	human	ONT	9352	63210	226005	63210	0	True	63210	0	0	43926703.0	0	142384	142199	39976	102223	0	48723148.0	0	38606	23213	80490193.0	0	data/isoquant/GSE276974/ONT10X2_20/ONT10X2_20/ONT10X2_20.transcript_counts.tsv	data/isoquant/GSE276974/ONT10X2_20/ONT10X2_20/ONT10X2_20.discovered_transcript_counts.tsv	data/isoquant/GSE276974/ONT10X2_20/ONT10X2_20/ONT10X2_20.gene_counts.tsv
SRR30639544	GSE276974	human	ONT	9684	63511	226005	63511	0	True	63511	0	0	43646367.0	0	139745	139557	40079	99478	0	47019839.0	0	38606	23239	79640960.0	0	data/isoquant/GSE276974/ONT10X2_19/ONT10X2_19/ONT10X2_19.transcript_counts.tsv	data/isoquant/GSE276974/ONT10X2_19/ONT10X2_19/ONT10X2_19.discovered_transcript_counts.tsv	data/isoquant/GSE276974/ONT10X2_19/ONT10X2_19/ONT10X2_19.gene_counts.tsv
SRR30639545	GSE276974	human	ONT	10232	63899	452010	63899	0	True	63899	0	0	97670520.0	1	148795	148605	40447	108158	0	54550422.0	0	77212	23361	177835686.0	1	data/isoquant/GSE276974/SRR30639545/SRR30639545/SRR30639545.transcript_counts.tsv	data/isoquant/GSE276974/SRR30639545/SRR30639545/SRR30639545.discovered_transcript_counts.tsv	data/isoquant/GSE276974/SRR30639545/SRR30639545/SRR30639545.gene_counts.tsv
SRR30639546	GSE276974	human	ONT	8545	66293	226005	66293	0	True	66293	0	0	56040583.0	0	177677	177506	42075	135431	0	65512385.0	0	38606	23188	102986616.0	0	data/isoquant/GSE276974/ONT10X2_10/ONT10X2_10/ONT10X2_10.transcript_counts.tsv	data/isoquant/GSE276974/ONT10X2_10/ONT10X2_10/ONT10X2_10.discovered_transcript_counts.tsv	data/isoquant/GSE276974/ONT10X2_10/ONT10X2_10/ONT10X2_10.gene_counts.tsv
SRR30639548	GSE276974	human	ONT	11620	69284	226005	69284	0	True	69284	0	0	53391461.0	0	162809	162654	43848	118806	0	58956558.0	0	38606	23630	98099078.0	0	data/isoquant/GSE276974/SRR30639548/SRR30639548/SRR30639548.transcript_counts.tsv	data/isoquant/GSE276974/SRR30639548/SRR30639548/SRR30639548.discovered_transcript_counts.tsv	data/isoquant/GSE276974/SRR30639548/SRR30639548/SRR30639548.gene_counts.tsv
SRR30639549	GSE276974	human	ONT	6577	60645	226005	60645	0	True	60645	0	0	51833279.0	0	162843	162672	39034	123638	0	63098681.0	0	38606	23104	95997219.0	0	data/isoquant/GSE276974/ONT10X3_13/ONT10X3_13/ONT10X3_13.transcript_counts.tsv	data/isoquant/GSE276974/ONT10X3_13/ONT10X3_13/ONT10X3_13.discovered_transcript_counts.tsv	data/isoquant/GSE276974/ONT10X3_13/ONT10X3_13/ONT10X3_13.gene_counts.tsv
SRR30639550	GSE276974	human	ONT	5705	2232	226005	2232	0	True	2232	0	0	1417544.0	0	5204	5173	1529	3644	0	1356851.0	0	38606	1209	2543908.0	0	data/isoquant/GSE276974/SRR30639550/SRR30639550/SRR30639550.transcript_counts.tsv	data/isoquant/GSE276974/SRR30639550/SRR30639550/SRR30639550.discovered_transcript_counts.tsv	data/isoquant/GSE276974/SRR30639550/SRR30639550/SRR30639550.gene_counts.tsv
SRR30639551	GSE276974	human	ONT	6204	26160	226005	26160	0	True	26160	0	0	13472834.0	0	56145	56040	16938	39102	0	13286816.0	0	38606	11604	25690961.0	0	data/isoquant/GSE276974/SRR30639551/SRR30639551/SRR30639551.transcript_counts.tsv	data/isoquant/GSE276974/SRR30639551/SRR30639551/SRR30639551.discovered_transcript_counts.tsv	data/isoquant/GSE276974/SRR30639551/SRR30639551/SRR30639551.gene_counts.tsv
SRR30639552	GSE276974	human	ONT	6453	62530	226005	62530	0	True	62530	0	0	55945956.0	0	170145	169953	39788	130165	0	68211133.0	0	38606	23350	104844454.0	0	data/isoquant/GSE276974/SRR30639552/SRR30639552/SRR30639552.transcript_counts.tsv	data/isoquant/GSE276974/SRR30639552/SRR30639552/SRR30639552.discovered_transcript_counts.tsv	data/isoquant/GSE276974/SRR30639552/SRR30639552/SRR30639552.gene_counts.tsv
SRR30639553	GSE276974	human	ONT	6139	60150	226005	60150	0	True	60150	0	0	36882366.0	0	144040	143835	38832	105003	0	40432516.0	0	38606	22907	68861194.0	0	data/isoquant/GSE276974/SRR30639553/SRR30639553/SRR30639553.transcript_counts.tsv	data/isoquant/GSE276974/SRR30639553/SRR30639553/SRR30639553.discovered_transcript_counts.tsv	data/isoquant/GSE276974/SRR30639553/SRR30639553/SRR30639553.gene_counts.tsv
SRR30639554	GSE276974	human	ONT	5916	59110	226005	59110	0	True	59110	0	0	37019181.0	0	169744	169554	37769	131785	0	44488497.0	0	38606	22255	70776574.0	0	data/isoquant/GSE276974/SRR30639554/SRR30639554/SRR30639554.transcript_counts.tsv	data/isoquant/GSE276974/SRR30639554/SRR30639554/SRR30639554.discovered_transcript_counts.tsv	data/isoquant/GSE276974/SRR30639554/SRR30639554/SRR30639554.gene_counts.tsv
SRR30639555	GSE276974	human	ONT	6365	61047	226005	61047	0	True	61047	0	0	41143164.0	0	176214	176012	38978	137034	0	49928347.0	0	38606	22598	78347623.0	0	data/isoquant/GSE276974/ONT10X2_6/ONT10X2_6/ONT10X2_6.transcript_counts.tsv	data/isoquant/GSE276974/ONT10X2_6/ONT10X2_6/ONT10X2_6.discovered_transcript_counts.tsv	data/isoquant/GSE276974/ONT10X2_6/ONT10X2_6/ONT10X2_6.gene_counts.tsv
SRR30639556	GSE276974	human	ONT	6130	61833	226005	61833	0	True	61833	0	0	45715267.0	0	179308	179150	39230	139920	0	55324120.0	0	38606	22717	86824449.0	0	data/isoquant/GSE276974/SRR30639556/SRR30639556/SRR30639556.transcript_counts.tsv	data/isoquant/GSE276974/SRR30639556/SRR30639556/SRR30639556.discovered_transcript_counts.tsv	data/isoquant/GSE276974/SRR30639556/SRR30639556/SRR30639556.gene_counts.tsv
SRR30639557	GSE276974	human	ONT	6285	60066	226005	60066	0	True	60066	0	0	42676542.0	0	181514	181335	38439	142896	0	52093843.0	0	38606	22511	81357366.0	0	data/isoquant/GSE276974/SRR30639557/SRR30639557/SRR30639557.transcript_counts.tsv	data/isoquant/GSE276974/SRR30639557/SRR30639557/SRR30639557.discovered_transcript_counts.tsv	data/isoquant/GSE276974/SRR30639557/SRR30639557/SRR30639557.gene_counts.tsv
SRR30639558	GSE276974	human	ONT	12093	61484	226005	61484	0	True	61484	0	0	41190745.0	0	172059	171844	39117	132727	0	47339822.0	0	38606	22647	77581313.0	0	data/isoquant/GSE276974/ONT10X2_3/ONT10X2_3/ONT10X2_3.transcript_counts.tsv	data/isoquant/GSE276974/ONT10X2_3/ONT10X2_3/ONT10X2_3.discovered_transcript_counts.tsv	data/isoquant/GSE276974/ONT10X2_3/ONT10X2_3/ONT10X2_3.gene_counts.tsv
SRR31435216	GSE283629	human	ONT	17097	53283	226005	53283	0	True	53283	0	0	8401729.0	0	58128	57945	34958	22987	0	8828144.0	0	38606	23682	17240887.0	0	data/isoquant/GSE283629/SRR31435216/SRR31435216/SRR31435216.transcript_counts.tsv	data/isoquant/GSE283629/SRR31435216/SRR31435216/SRR31435216.discovered_transcript_counts.tsv	data/isoquant/GSE283629/SRR31435216/SRR31435216/SRR31435216.gene_counts.tsv
SRR31435217	GSE283629	human	ONT	17171	32287	226005	32287	0	True	32287	0	0	1869645.0	0	33129	32949	23857	9092	0	1991824.0	0	38606	19723	3949545.0	0	data/isoquant/GSE283629/SRR31435217/SRR31435217/SRR31435217.transcript_counts.tsv	data/isoquant/GSE283629/SRR31435217/SRR31435217/SRR31435217.discovered_transcript_counts.tsv	data/isoquant/GSE283629/SRR31435217/SRR31435217/SRR31435217.gene_counts.tsv
SRR31435218	GSE283629	human	ONT	20205	66385	226005	66385	0	True	66385	0	0	19616929.0	0	69631	69479	41835	27644	0	20827335.0	0	38606	25090	40081595.0	0	data/isoquant/GSE283629/SRR31435218/SRR31435218/SRR31435218.transcript_counts.tsv	data/isoquant/GSE283629/SRR31435218/SRR31435218/SRR31435218.discovered_transcript_counts.tsv	data/isoquant/GSE283629/SRR31435218/SRR31435218/SRR31435218.gene_counts.tsv
SRR31435219	GSE283629	human	ONT	20067	32390	226005	32390	0	True	32390	0	0	2092289.0	0	30746	30597	23023	7574	0	2233358.0	0	38606	18863	4361037.0	0	data/isoquant/GSE283629/SRR31435219/SRR31435219/SRR31435219.transcript_counts.tsv	data/isoquant/GSE283629/SRR31435219/SRR31435219/SRR31435219.discovered_transcript_counts.tsv	data/isoquant/GSE283629/SRR31435219/SRR31435219/SRR31435219.gene_counts.tsv
SRR31632206	GSE283658	human	ONT	3463	29988	226005	29988	0	True	29988	0	0	3196293.0	0	31908	31689	22343	9346	0	3353437.0	0	38606	16132	6201698.0	0	data/isoquant/GSE283658/SRR31632206/SRR31632206/SRR31632206.transcript_counts.tsv	data/isoquant/GSE283658/SRR31632206/SRR31632206/SRR31632206.discovered_transcript_counts.tsv	data/isoquant/GSE283658/SRR31632206/SRR31632206/SRR31632206.gene_counts.tsv
SRR31632207	GSE283658	human	ONT	8656	57656	226005	57656	0	True	57656	0	0	23388260.0	0	59392	59246	36536	22710	0	23350582.0	0	38606	22307	42721543.0	0	data/isoquant/GSE283658/SRR31632207/SRR31632207/SRR31632207.transcript_counts.tsv	data/isoquant/GSE283658/SRR31632207/SRR31632207/SRR31632207.discovered_transcript_counts.tsv	data/isoquant/GSE283658/SRR31632207/SRR31632207/SRR31632207.gene_counts.tsv
SRR31632208	GSE283658	human	ONT	8574	50810	226005	50810	0	True	50810	0	0	14749070.0	0	48854	48705	32305	16400	0	14957600.0	0	38606	21107	27148168.0	0	data/isoquant/GSE283658/SRR31632208/SRR31632208/SRR31632208.transcript_counts.tsv	data/isoquant/GSE283658/SRR31632208/SRR31632208/SRR31632208.discovered_transcript_counts.tsv	data/isoquant/GSE283658/SRR31632208/SRR31632208/SRR31632208.gene_counts.tsv
SRR34899601	GSE283658	human	ONT	8445	32733	226005	32733	0	True	32733	0	0	3874170.0	0	43588	43377	24573	18804	0	3811114.0	0	38606	16327	6913561.0	0	data/isoquant/GSE283658/SRR34899601/SRR34899601/SRR34899601.transcript_counts.tsv	data/isoquant/GSE283658/SRR34899601/SRR34899601/SRR34899601.discovered_transcript_counts.tsv	data/isoquant/GSE283658/SRR34899601/SRR34899601/SRR34899601.gene_counts.tsv
SRR32154422	GSE288222	human	ONT	3727	42106	226005	42106	0	True	42106	0	0	4187929.0	0	66072	65888	28165	37723	0	4803051.0	0	38606	23445	10937607.0	0	data/isoquant/GSE288222/SRR32154422/SRR32154422/SRR32154422.transcript_counts.tsv	data/isoquant/GSE288222/SRR32154422/SRR32154422/SRR32154422.discovered_transcript_counts.tsv	data/isoquant/GSE288222/SRR32154422/SRR32154422/SRR32154422.gene_counts.tsv
SRR32154423	GSE288222	human	ONT	4165	40397	226005	40397	0	True	40397	0	0	4202582.0	0	61149	60978	27386	33592	0	4645602.0	0	38606	22938	10847330.0	0	data/isoquant/GSE288222/SRR32154423/SRR32154423/SRR32154423.transcript_counts.tsv	data/isoquant/GSE288222/SRR32154423/SRR32154423/SRR32154423.discovered_transcript_counts.tsv	data/isoquant/GSE288222/SRR32154423/SRR32154423/SRR32154423.gene_counts.tsv
SRR32154424	GSE288222	human	ONT	4002	38750	226005	38750	0	True	38750	0	0	4770628.0	0	93599	93380	26370	67010	0	5899360.0	0	38606	21348	11720876.0	0	data/isoquant/GSE288222/SRR32154424/SRR32154424/SRR32154424.transcript_counts.tsv	data/isoquant/GSE288222/SRR32154424/SRR32154424/SRR32154424.discovered_transcript_counts.tsv	data/isoquant/GSE288222/SRR32154424/SRR32154424/SRR32154424.gene_counts.tsv
SRR32154425	GSE288222	human	ONT	7529	47101	226005	47101	0	True	47101	0	0	4066007.0	0	81385	81202	31693	49509	0	5283807.0	0	38606	23691	11081419.0	0	data/isoquant/GSE288222/SRR32154425/SRR32154425/SRR32154425.transcript_counts.tsv	data/isoquant/GSE288222/SRR32154425/SRR32154425/SRR32154425.discovered_transcript_counts.tsv	data/isoquant/GSE288222/SRR32154425/SRR32154425/SRR32154425.gene_counts.tsv
SRR32154426	GSE288222	human	ONT	5916	37952	226005	37952	0	True	37952	0	0	2577005.0	0	71199	71003	27241	43762	0	3693259.0	0	38606	22328	7442564.0	0	data/isoquant/GSE288222/SRR32154426/SRR32154426/SRR32154426.transcript_counts.tsv	data/isoquant/GSE288222/SRR32154426/SRR32154426/SRR32154426.discovered_transcript_counts.tsv	data/isoquant/GSE288222/SRR32154426/SRR32154426/SRR32154426.gene_counts.tsv
SRR32154427	GSE288222	human	ONT	5216	42024	226005	42024	0	True	42024	0	0	5015680.0	0	75105	74938	27490	47448	0	6038385.0	0	38606	21686	11859080.0	0	data/isoquant/GSE288222/SRR32154427/SRR32154427/SRR32154427.transcript_counts.tsv	data/isoquant/GSE288222/SRR32154427/SRR32154427/SRR32154427.discovered_transcript_counts.tsv	data/isoquant/GSE288222/SRR32154427/SRR32154427/SRR32154427.gene_counts.tsv
SRR32154428	GSE288222	human	ONT	9532	44196	226005	44196	0	True	44196	0	0	4082285.0	0	84554	84359	30390	53969	0	6140099.0	0	38606	23891	12031195.0	0	data/isoquant/GSE288222/SRR32154428/SRR32154428/SRR32154428.transcript_counts.tsv	data/isoquant/GSE288222/SRR32154428/SRR32154428/SRR32154428.discovered_transcript_counts.tsv	data/isoquant/GSE288222/SRR32154428/SRR32154428/SRR32154428.gene_counts.tsv
SRR32154429	GSE288222	human	ONT	9884	43004	226005	43004	0	True	43004	0	0	3896057.0	0	79932	79765	29719	50046	0	5681209.0	0	38606	23412	11209369.0	0	data/isoquant/GSE288222/SRR32154429/SRR32154429/SRR32154429.transcript_counts.tsv	data/isoquant/GSE288222/SRR32154429/SRR32154429/SRR32154429.discovered_transcript_counts.tsv	data/isoquant/GSE288222/SRR32154429/SRR32154429/SRR32154429.gene_counts.tsv
SRR32154430	GSE288222	human	ONT	3905	42880	226005	42880	0	True	42880	0	0	4041215.0	0	141228	141021	29431	111590	0	8274500.0	0	38606	23748	13450006.0	0	data/isoquant/GSE288222/SRR32154430/SRR32154430/SRR32154430.transcript_counts.tsv	data/isoquant/GSE288222/SRR32154430/SRR32154430/SRR32154430.discovered_transcript_counts.tsv	data/isoquant/GSE288222/SRR32154430/SRR32154430/SRR32154430.gene_counts.tsv
SRR32154431	GSE288222	human	ONT	5298	38134	226005	38134	0	True	38134	0	0	3756378.0	0	94267	94114	27161	66953	0	5889236.0	0	38606	22778	14157118.0	0	data/isoquant/GSE288222/SRR32154431/SRR32154431/SRR32154431.transcript_counts.tsv	data/isoquant/GSE288222/SRR32154431/SRR32154431/SRR32154431.discovered_transcript_counts.tsv	data/isoquant/GSE288222/SRR32154431/SRR32154431/SRR32154431.gene_counts.tsv
SRR32154433	GSE288222	human	ONT	5206	9782	226005	9782	0	True	9782	0	0	236572.0	0	24530	24397	8189	16208	0	443818.0	0	38606	14007	765397.0	0	data/isoquant/GSE288222/SRR32154433/SRR32154433/SRR32154433.transcript_counts.tsv	data/isoquant/GSE288222/SRR32154433/SRR32154433/SRR32154433.discovered_transcript_counts.tsv	data/isoquant/GSE288222/SRR32154433/SRR32154433/SRR32154433.gene_counts.tsv
SRR36251361	GSE288222	human	ONT	3612	35361	226005	35361	0	True	35361	0	0	3026516.0	0	103932	103724	25150	78574	0	4662751.0	0	38606	21499	10115538.0	0	data/isoquant/GSE288222/SRR36251361/SRR36251361/SRR36251361.transcript_counts.tsv	data/isoquant/GSE288222/SRR36251361/SRR36251361/SRR36251361.discovered_transcript_counts.tsv	data/isoquant/GSE288222/SRR36251361/SRR36251361/SRR36251361.gene_counts.tsv
SRR32370261	GSE289790	human	ONT	2030	52044	226005	52044	0	True	52044	0	0	17357735.0	0	61442	61253	34748	26505	0	18346950.0	0	38606	20622	31500218.0	0	data/isoquant/GSE289790/SRR32370261/SRR32370261/SRR32370261.transcript_counts.tsv	data/isoquant/GSE289790/SRR32370261/SRR32370261/SRR32370261.discovered_transcript_counts.tsv	data/isoquant/GSE289790/SRR32370261/SRR32370261/SRR32370261.gene_counts.tsv
SRR32370262	GSE289790	human	ONT	1985	56929	226005	56929	0	True	56929	0	0	36484775.0	0	70653	70493	37534	32959	0	38265895.0	0	38606	20780	63937498.0	0	data/isoquant/GSE289790/SRR32370262/SRR32370262/SRR32370262.transcript_counts.tsv	data/isoquant/GSE289790/SRR32370262/SRR32370262/SRR32370262.discovered_transcript_counts.tsv	data/isoquant/GSE289790/SRR32370262/SRR32370262/SRR32370262.gene_counts.tsv
SRR32771574	GSE292324	human	PacBio	8104	58401	226005	58401	0	True	58401	0	0	28167367.0	0	306834	306559	38103	268456	0	43427084.0	0	38606	21541	54720161.0	0	data/isoquant_pacbio/GSE292324/SRR32771574/SRR32771574.transcript_counts.tsv	data/isoquant_pacbio/GSE292324/SRR32771574/SRR32771574.discovered_transcript_counts.tsv	data/isoquant_pacbio/GSE292324/SRR32771574/SRR32771574.gene_counts.tsv
SRR32771575	GSE292324	human	PacBio	8097	56077	226005	56077	0	True	56077	0	0	24267065.0	0	301078	300795	36750	264045	0	36820726.0	0	38606	21331	47373524.0	0	data/isoquant_pacbio/GSE292324/SRR32771575/SRR32771575.transcript_counts.tsv	data/isoquant_pacbio/GSE292324/SRR32771575/SRR32771575.discovered_transcript_counts.tsv	data/isoquant_pacbio/GSE292324/SRR32771575/SRR32771575.gene_counts.tsv
SRR32771576	GSE292324	human	PacBio	7371	60257	226005	60257	0	True	60257	0	0	25020035.0	0	298235	297969	38973	258996	0	36892567.0	0	38606	21791	50462750.0	0	data/isoquant_pacbio/GSE292324/SRR32771576/SRR32771576.transcript_counts.tsv	data/isoquant_pacbio/GSE292324/SRR32771576/SRR32771576.discovered_transcript_counts.tsv	data/isoquant_pacbio/GSE292324/SRR32771576/SRR32771576.gene_counts.tsv
SRR32771577	GSE292324	human	PacBio	7367	58328	226005	58328	0	True	58328	0	0	22896893.0	0	295640	295346	38008	257338	0	34452302.0	0	38606	21699	46201096.0	0	data/isoquant_pacbio/GSE292324/SRR32771577/SRR32771577.transcript_counts.tsv	data/isoquant_pacbio/GSE292324/SRR32771577/SRR32771577.discovered_transcript_counts.tsv	data/isoquant_pacbio/GSE292324/SRR32771577/SRR32771577.gene_counts.tsv
SRR32771578	GSE292324	human	PacBio	5187	52957	226005	52957	0	True	52957	0	0	24398651.0	0	352763	352497	33967	318530	0	44583223.0	0	38606	22656	50842244.0	0	data/isoquant_pacbio/GSE292324/SRR32771578/SRR32771578.transcript_counts.tsv	data/isoquant_pacbio/GSE292324/SRR32771578/SRR32771578.discovered_transcript_counts.tsv	data/isoquant_pacbio/GSE292324/SRR32771578/SRR32771578.gene_counts.tsv
SRR32771579	GSE292324	human	PacBio	7425	53164	226005	53164	0	True	53164	0	0	31169867.0	0	356323	356033	33755	322278	0	50022456.0	0	38606	22489	62507902.0	0	data/isoquant_pacbio/GSE292324/SRR32771579/SRR32771579.transcript_counts.tsv	data/isoquant_pacbio/GSE292324/SRR32771579/SRR32771579.discovered_transcript_counts.tsv	data/isoquant_pacbio/GSE292324/SRR32771579/SRR32771579.gene_counts.tsv
SRR32771580	GSE292324	human	PacBio	5195	50698	226005	50698	0	True	50698	0	0	18593929.0	0	342960	342691	32562	310129	0	34614083.0	0	38606	22390	39213776.0	0	data/isoquant_pacbio/GSE292324/SRR32771580/SRR32771580.transcript_counts.tsv	data/isoquant_pacbio/GSE292324/SRR32771580/SRR32771580.discovered_transcript_counts.tsv	data/isoquant_pacbio/GSE292324/SRR32771580/SRR32771580.gene_counts.tsv
SRR32771581	GSE292324	human	PacBio	6761	50119	226005	50119	0	True	50119	0	0	23353751.0	0	343158	342868	32074	310794	0	37672760.0	0	38606	22144	46583542.0	0	data/isoquant_pacbio/GSE292324/SRR32771581/SRR32771581.transcript_counts.tsv	data/isoquant_pacbio/GSE292324/SRR32771581/SRR32771581.discovered_transcript_counts.tsv	data/isoquant_pacbio/GSE292324/SRR32771581/SRR32771581.gene_counts.tsv
SRR33259865	GSE295352	mouse	ONT	2754	29400	125556	29400	0	True	29400	0	0	50499469.0	0	67509	67390	21641	45749	0	45568081.0	0	33696	15485	65664927.0	0	data/isoquant/GSE295352/SRR33259865/SRR33259865/SRR33259865.transcript_counts.tsv	data/isoquant/GSE295352/SRR33259865/SRR33259865/SRR33259865.discovered_transcript_counts.tsv	data/isoquant/GSE295352/SRR33259865/SRR33259865/SRR33259865.gene_counts.tsv
SRR33259866	GSE295352	mouse	ONT	2647	27887	125556	27887	0	True	27887	0	0	18523177.0	0	53757	53636	20878	32758	0	17642236.0	0	33696	14758	25511070.0	0	data/isoquant/GSE295352/SRR33259866/SRR33259866/SRR33259866.transcript_counts.tsv	data/isoquant/GSE295352/SRR33259866/SRR33259866/SRR33259866.discovered_transcript_counts.tsv	data/isoquant/GSE295352/SRR33259866/SRR33259866/SRR33259866.gene_counts.tsv
SRR33259867	GSE295352	mouse	ONT	6786	11263	125556	11263	0	True	11263	0	0	597037.0	0	11858	11752	7893	3859	0	541187.0	0	33696	10594	917304.0	0	data/isoquant/GSE295352/SRR33259867/SRR33259867/SRR33259867.transcript_counts.tsv	data/isoquant/GSE295352/SRR33259867/SRR33259867/SRR33259867.discovered_transcript_counts.tsv	data/isoquant/GSE295352/SRR33259867/SRR33259867/SRR33259867.gene_counts.tsv
SRR35432392	GSE295352	mouse	ONT	3552	34890	125556	34890	0	True	34890	0	0	45237386.0	0	75284	75185	25077	50108	0	47573194.0	0	33696	16455	70246683.0	0	data/isoquant/GSE295352/SRR35432392/SRR35432392/SRR35432392.transcript_counts.tsv	data/isoquant/GSE295352/SRR35432392/SRR35432392/SRR35432392.discovered_transcript_counts.tsv	data/isoquant/GSE295352/SRR35432392/SRR35432392/SRR35432392.gene_counts.tsv
SRR35432393	GSE295352	mouse	ONT	3839	33981	125556	33981	0	True	33981	0	0	42485384.0	0	72873	72760	24692	48068	0	43721633.0	0	33696	16190	65961765.0	0	data/isoquant/GSE295352/SRR35432393/SRR35432393/SRR35432393.transcript_counts.tsv	data/isoquant/GSE295352/SRR35432393/SRR35432393/SRR35432393.discovered_transcript_counts.tsv	data/isoquant/GSE295352/SRR35432393/SRR35432393/SRR35432393.gene_counts.tsv
SRR35432394	GSE295352	mouse	ONT	3372	14349	125556	14349	0	True	14349	0	0	784103.0	0	15521	15393	9902	5491	0	665668.0	0	33696	11828	1344600.0	0	data/isoquant/GSE295352/SRR35432394/SRR35432394/SRR35432394.transcript_counts.tsv	data/isoquant/GSE295352/SRR35432394/SRR35432394/SRR35432394.discovered_transcript_counts.tsv	data/isoquant/GSE295352/SRR35432394/SRR35432394/SRR35432394.gene_counts.tsv
SRR33259246	GSE295353	mouse	ONT	26635	35253	125556	35253	0	True	35253	0	0	7668351.0	0	45237	45128	25090	20038	0	8636108.0	0	33696	17761	13149725.0	0	data/isoquant/GSE295353/SRR33259246/SRR33259246/SRR33259246.transcript_counts.tsv	data/isoquant/GSE295353/SRR33259246/SRR33259246/SRR33259246.discovered_transcript_counts.tsv	data/isoquant/GSE295353/SRR33259246/SRR33259246/SRR33259246.gene_counts.tsv
SRR33259247	GSE295353	mouse	ONT	45303	32369	125556	32369	0	True	32369	0	0	4986625.0	0	36869	36744	23601	13143	0	6364926.0	0	33696	17706	8413156.0	0	data/isoquant/GSE295353/SRR33259247/SRR33259247/SRR33259247.transcript_counts.tsv	data/isoquant/GSE295353/SRR33259247/SRR33259247/SRR33259247.discovered_transcript_counts.tsv	data/isoquant/GSE295353/SRR33259247/SRR33259247/SRR33259247.gene_counts.tsv
SRR33259248	GSE295353	mouse	ONT	1554	5155	125556	5155	0	True	5155	0	0	66356.0	0	3900	3877	3788	89	0	63601.0	0	33696	10220	132525.0	0	data/isoquant/GSE295353/SRR33259248/SRR33259248/SRR33259248.transcript_counts.tsv	data/isoquant/GSE295353/SRR33259248/SRR33259248/SRR33259248.discovered_transcript_counts.tsv	data/isoquant/GSE295353/SRR33259248/SRR33259248/SRR33259248.gene_counts.tsv
SRR35432458	GSE295353	mouse	ONT	6398	41857	125556	41857	0	True	41857	0	0	21740906.0	0	77066	76960	29087	47873	0	25468428.0	0	33696	19186	37014911.0	0	data/isoquant/GSE295353/SRR35432458/SRR35432458/SRR35432458.transcript_counts.tsv	data/isoquant/GSE295353/SRR35432458/SRR35432458/SRR35432458.discovered_transcript_counts.tsv	data/isoquant/GSE295353/SRR35432458/SRR35432458/SRR35432458.gene_counts.tsv
SRR35432459	GSE295353	mouse	ONT	9513	40489	125556	40489	0	True	40489	0	0	15272119.0	0	62918	62806	28256	34550	0	19567168.0	0	33696	18781	26421923.0	0	data/isoquant/GSE295353/SRR35432459/SRR35432459/SRR35432459.transcript_counts.tsv	data/isoquant/GSE295353/SRR35432459/SRR35432459/SRR35432459.discovered_transcript_counts.tsv	data/isoquant/GSE295353/SRR35432459/SRR35432459/SRR35432459.gene_counts.tsv
SRR35432460	GSE295353	mouse	ONT	1560	4972	125556	4972	0	True	4972	0	0	45126.0	0	3922	3869	3734	135	0	41512.0	0	33696	8412	88991.0	0	data/isoquant/GSE295353/SRR35432460/SRR35432460/SRR35432460.transcript_counts.tsv	data/isoquant/GSE295353/SRR35432460/SRR35432460/SRR35432460.discovered_transcript_counts.tsv	data/isoquant/GSE295353/SRR35432460/SRR35432460/SRR35432460.gene_counts.tsv
SRR33369385	GSE295932	human	ONT	2911	38373	226005	38373	0	True	38373	0	0	5671936.0	0	47115	46916	27374	19542	0	5471290.0	0	38606	16596	9967237.0	0	data/isoquant/GSE295932/SRR33369385/SRR33369385/SRR33369385.transcript_counts.tsv	data/isoquant/GSE295932/SRR33369385/SRR33369385/SRR33369385.discovered_transcript_counts.tsv	data/isoquant/GSE295932/SRR33369385/SRR33369385/SRR33369385.gene_counts.tsv
SRR33369386	GSE295932	human	ONT	5362	8157	226005	8157	0	True	8157	0	0	395999.0	0	11135	10985	7677	3308	0	389132.0	0	38606	7900	647286.0	0	data/isoquant/GSE295932/SRR33369386/SRR33369386/SRR33369386.transcript_counts.tsv	data/isoquant/GSE295932/SRR33369386/SRR33369386/SRR33369386.discovered_transcript_counts.tsv	data/isoquant/GSE295932/SRR33369386/SRR33369386/SRR33369386.gene_counts.tsv
SRR33369387	GSE295932	human	ONT	5968	41459	226005	41459	0	True	41459	0	0	11310903.0	0	53725	53547	29418	24129	0	10827855.0	0	38606	17989	19004054.0	0	data/isoquant/GSE295932/SRR33369387/SRR33369387/SRR33369387.transcript_counts.tsv	data/isoquant/GSE295932/SRR33369387/SRR33369387/SRR33369387.discovered_transcript_counts.tsv	data/isoquant/GSE295932/SRR33369387/SRR33369387/SRR33369387.gene_counts.tsv
SRR33369388	GSE295932	human	ONT	7382	9024	226005	9024	0	True	9024	0	0	470506.0	0	12026	11899	8118	3781	0	507936.0	0	38606	8616	777612.0	0	data/isoquant/GSE295932/SRR33369388/SRR33369388/SRR33369388.transcript_counts.tsv	data/isoquant/GSE295932/SRR33369388/SRR33369388/SRR33369388.discovered_transcript_counts.tsv	data/isoquant/GSE295932/SRR33369388/SRR33369388/SRR33369388.gene_counts.tsv
SRR34364189	GSE301658	human	ONT	3831	39632	226005	39632	0	True	39632	0	0	12881528.0	0	67926	67867	20287	47580	0	18571349.0	0	38606	18987	41208461.0	0	data/isoquant/GSE301658/SRR34364189/SRR34364189/SRR34364189.transcript_counts.tsv	data/isoquant/GSE301658/SRR34364189/SRR34364189/SRR34364189.discovered_transcript_counts.tsv	data/isoquant/GSE301658/SRR34364189/SRR34364189/SRR34364189.gene_counts.tsv
SRR30947478	GSE303762	human	ONT	66691	71210	226005	71210	0	True	71210	0	0	16426074.0	0	86633	86453	45629	40824	0	17264818.0	0	38606	26829	33198560.0	0	data/isoquant/GSE303762/SRR30947478/SRR30947478/SRR30947478.transcript_counts.tsv	data/isoquant/GSE303762/SRR30947478/SRR30947478/SRR30947478.discovered_transcript_counts.tsv	data/isoquant/GSE303762/SRR30947478/SRR30947478/SRR30947478.gene_counts.tsv
SRR30947479	GSE303762	human	ONT	5109	73714	226005	73714	0	True	73714	0	0	26220813.0	0	89128	88965	46860	42105	0	27487436.0	0	38606	26252	49262386.0	0	data/isoquant/GSE303762/SRR30947479/SRR30947479/SRR30947479.transcript_counts.tsv	data/isoquant/GSE303762/SRR30947479/SRR30947479/SRR30947479.discovered_transcript_counts.tsv	data/isoquant/GSE303762/SRR30947479/SRR30947479/SRR30947479.gene_counts.tsv
SRR35267327	GSE307660	human	ONT	3190	51372	226005	51372	0	True	51372	0	0	11657452.0	0	116748	116541	33201	83340	0	13312755.0	0	38606	19524	23614024.0	0	data/isoquant/GSE307660/SRR35267327/SRR35267327/SRR35267327.transcript_counts.tsv	data/isoquant/GSE307660/SRR35267327/SRR35267327/SRR35267327.discovered_transcript_counts.tsv	data/isoquant/GSE307660/SRR35267327/SRR35267327/SRR35267327.gene_counts.tsv
SRR35267328	GSE307660	human	ONT	6900	23246	226005	23246	0	True	23246	0	0	1160282.0	0	39358	39142	18583	20559	0	1615568.0	0	38606	15816	2444834.0	0	data/isoquant/GSE307660/SRR35267328/SRR35267328/SRR35267328.transcript_counts.tsv	data/isoquant/GSE307660/SRR35267328/SRR35267328/SRR35267328.discovered_transcript_counts.tsv	data/isoquant/GSE307660/SRR35267328/SRR35267328/SRR35267328.gene_counts.tsv
SRR35267329	GSE307660	human	ONT	4255	62291	226005	62291	0	True	62291	0	0	17383591.0	0	93180	93021	39208	53813	0	18135732.0	0	38606	20212	36238461.0	0	data/isoquant/GSE307660/SRR35267329/SRR35267329/SRR35267329.transcript_counts.tsv	data/isoquant/GSE307660/SRR35267329/SRR35267329/SRR35267329.discovered_transcript_counts.tsv	data/isoquant/GSE307660/SRR35267329/SRR35267329/SRR35267329.gene_counts.tsv
SRR35267330	GSE307660	human	ONT	2280	50271	226005	50271	0	True	50271	0	0	9772481.0	0	87893	87676	32358	55318	0	10578104.0	0	38606	19090	19554935.0	0	data/isoquant/GSE307660/SRR35267330/SRR35267330/SRR35267330.transcript_counts.tsv	data/isoquant/GSE307660/SRR35267330/SRR35267330/SRR35267330.discovered_transcript_counts.tsv	data/isoquant/GSE307660/SRR35267330/SRR35267330/SRR35267330.gene_counts.tsv
SRR35267331	GSE307660	human	ONT	2906	58368	226005	58368	0	True	58368	0	0	19414005.0	0	118783	118590	37977	80613	0	22698860.0	0	38606	20473	37722972.0	0	data/isoquant/GSE307660/SRR35267331/SRR35267331/SRR35267331.transcript_counts.tsv	data/isoquant/GSE307660/SRR35267331/SRR35267331/SRR35267331.discovered_transcript_counts.tsv	data/isoquant/GSE307660/SRR35267331/SRR35267331/SRR35267331.gene_counts.tsv
SRR35267332	GSE307660	human	ONT	3211	58898	226005	58898	0	True	58898	0	0	15032000.0	0	75732	75580	38288	37292	0	15673321.0	0	38606	22290	27148304.0	0	data/isoquant/GSE307660/SRR35267332/SRR35267332/SRR35267332.transcript_counts.tsv	data/isoquant/GSE307660/SRR35267332/SRR35267332/SRR35267332.discovered_transcript_counts.tsv	data/isoquant/GSE307660/SRR35267332/SRR35267332/SRR35267332.gene_counts.tsv
SRR35267333	GSE307660	human	ONT	3932	56495	452010	56495	0	True	56495	0	0	20416994.0	1	107706	107559	34642	72917	0	12163460.0	0	77212	20002	47656562.0	1	data/isoquant/GSE307660/SRR35267333/SRR35267333/SRR35267333.transcript_counts.tsv	data/isoquant/GSE307660/SRR35267333/SRR35267333/SRR35267333.discovered_transcript_counts.tsv	data/isoquant/GSE307660/SRR35267333/SRR35267333/SRR35267333.gene_counts.tsv
SRR35267334	GSE307660	human	ONT	4885	57537	226005	57537	0	True	57537	0	0	22388169.0	0	71135	70952	36783	34169	0	28844707.0	0	38606	22452	42077736.0	0	data/isoquant/GSE307660/SRR35267334/SRR35267334/SRR35267334.transcript_counts.tsv	data/isoquant/GSE307660/SRR35267334/SRR35267334/SRR35267334.discovered_transcript_counts.tsv	data/isoquant/GSE307660/SRR35267334/SRR35267334/SRR35267334.gene_counts.tsv
SRR35267335	GSE307660	human	ONT	2890	38944	452010	38944	0	True	38944	0	0	51618492.0	1	61108	60909	26781	34128	0	37447369.0	0	77212	19687	91038088.0	1	data/isoquant/GSE307660/SRR35267335/SRR35267335/SRR35267335.transcript_counts.tsv	data/isoquant/GSE307660/SRR35267335/SRR35267335/SRR35267335.discovered_transcript_counts.tsv	data/isoquant/GSE307660/SRR35267335/SRR35267335/SRR35267335.gene_counts.tsv
SRR35267336	GSE307660	human	ONT	1232	36397	226005	36397	0	True	36397	0	0	20693360.0	0	77166	76903	26288	50615	0	30645621.0	0	38606	18997	37482742.0	0	data/isoquant/GSE307660/SRR35267336/SRR35267336/SRR35267336.transcript_counts.tsv	data/isoquant/GSE307660/SRR35267336/SRR35267336/SRR35267336.discovered_transcript_counts.tsv	data/isoquant/GSE307660/SRR35267336/SRR35267336/SRR35267336.gene_counts.tsv
SRR35267337	GSE307660	human	ONT	1005	35659	226005	35659	0	True	35659	0	0	13733230.0	0	77707	77492	25353	52139	0	19793864.0	0	38606	18721	25661781.0	0	data/isoquant/GSE307660/SRR35267337/SRR35267337/SRR35267337.transcript_counts.tsv	data/isoquant/GSE307660/SRR35267337/SRR35267337/SRR35267337.discovered_transcript_counts.tsv	data/isoquant/GSE307660/SRR35267337/SRR35267337/SRR35267337.gene_counts.tsv
SRR35267338	GSE307660	human	ONT	5339	53089	226005	53089	0	True	53089	0	0	17212508.0	0	117579	117400	33872	83528	0	19055639.0	0	38606	19654	35608134.0	0	data/isoquant/GSE307660/SRR35267338/SRR35267338/SRR35267338.transcript_counts.tsv	data/isoquant/GSE307660/SRR35267338/SRR35267338/SRR35267338.discovered_transcript_counts.tsv	data/isoquant/GSE307660/SRR35267338/SRR35267338/SRR35267338.gene_counts.tsv
SRR35267339	GSE307660	human	ONT	8842	47009	226005	47009	0	True	47009	0	0	3845991.0	0	60329	60129	30802	29327	0	4272878.0	0	38606	20779	8334448.0	0	data/isoquant/GSE307660/SRR35267339/SRR35267339/SRR35267339.transcript_counts.tsv	data/isoquant/GSE307660/SRR35267339/SRR35267339/SRR35267339.discovered_transcript_counts.tsv	data/isoquant/GSE307660/SRR35267339/SRR35267339/SRR35267339.gene_counts.tsv
SRR35267340	GSE307660	human	ONT	3075	45680	226005	45680	0	True	45680	0	0	9772975.0	0	99845	99611	30119	69492	0	10764739.0	0	38606	18571	20096452.0	0	data/isoquant/GSE307660/SRR35267340/SRR35267340/SRR35267340.transcript_counts.tsv	data/isoquant/GSE307660/SRR35267340/SRR35267340/SRR35267340.discovered_transcript_counts.tsv	data/isoquant/GSE307660/SRR35267340/SRR35267340/SRR35267340.gene_counts.tsv
SRR35267341	GSE307660	human	ONT	3540	48544	226005	48544	0	True	48544	0	0	11146272.0	0	98167	97970	31456	66514	0	12302902.0	0	38606	18648	22484817.0	0	data/isoquant/GSE307660/SRR35267341/SRR35267341/SRR35267341.transcript_counts.tsv	data/isoquant/GSE307660/SRR35267341/SRR35267341/SRR35267341.discovered_transcript_counts.tsv	data/isoquant/GSE307660/SRR35267341/SRR35267341/SRR35267341.gene_counts.tsv
SRR35267342	GSE307660	human	ONT	2481	50409	226005	50409	0	True	50409	0	0	14359974.0	0	106583	106354	33342	73012	0	16203486.0	0	38606	18961	27662222.0	0	data/isoquant/GSE307660/SRR35267342/SRR35267342/SRR35267342.transcript_counts.tsv	data/isoquant/GSE307660/SRR35267342/SRR35267342/SRR35267342.discovered_transcript_counts.tsv	data/isoquant/GSE307660/SRR35267342/SRR35267342/SRR35267342.gene_counts.tsv
SRR35267343	GSE307660	human	ONT	2287	51349	226005	51349	0	True	51349	0	0	13696838.0	0	110788	110583	33852	76731	0	14955418.0	0	38606	19616	27214624.0	0	data/isoquant/GSE307660/SRR35267343/SRR35267343/SRR35267343.transcript_counts.tsv	data/isoquant/GSE307660/SRR35267343/SRR35267343/SRR35267343.discovered_transcript_counts.tsv	data/isoquant/GSE307660/SRR35267343/SRR35267343/SRR35267343.gene_counts.tsv
SRR35267344	GSE307660	human	ONT	4020	51869	226005	51869	0	True	51869	0	0	11139066.0	0	94850	94659	33633	61026	0	11639005.0	0	38606	19360	21284962.0	0	data/isoquant/GSE307660/SRR35267344/SRR35267344/SRR35267344.transcript_counts.tsv	data/isoquant/GSE307660/SRR35267344/SRR35267344/SRR35267344.discovered_transcript_counts.tsv	data/isoquant/GSE307660/SRR35267344/SRR35267344/SRR35267344.gene_counts.tsv
SRR35267345	GSE307660	human	ONT	2137	48968	226005	48968	0	True	48968	0	0	19197216.0	0	102888	102681	32539	70142	0	20211260.0	0	38606	19021	33887848.0	0	data/isoquant/GSE307660/SRR35267345/SRR35267345/SRR35267345.transcript_counts.tsv	data/isoquant/GSE307660/SRR35267345/SRR35267345/SRR35267345.discovered_transcript_counts.tsv	data/isoquant/GSE307660/SRR35267345/SRR35267345/SRR35267345.gene_counts.tsv
SRR36480452	GSE314176	mouse	PacBio	14400	60686	125556	60686	0	True	60686	0	0	12518766.0	0	264763	264630	38257	226373	0	25986459.0	0	33696	21754	33638485.0	0	data/isoquant_pacbio/GSE314059/SRR36480452/SRR36480452.transcript_counts.tsv	data/isoquant_pacbio/GSE314059/SRR36480452/SRR36480452.discovered_transcript_counts.tsv	data/isoquant_pacbio/GSE314059/SRR36480452/SRR36480452.gene_counts.tsv
SRR36480453	GSE314176	mouse	PacBio	12730	61170	125556	61170	0	True	61170	0	0	14494856.0	0	271257	271126	38991	232135	0	28701870.0	0	33696	21876	38130417.0	0	data/isoquant_pacbio/GSE314059/SRR36480453/SRR36480453.transcript_counts.tsv	data/isoquant_pacbio/GSE314059/SRR36480453/SRR36480453.discovered_transcript_counts.tsv	data/isoquant_pacbio/GSE314059/SRR36480453/SRR36480453.gene_counts.tsv
SRR36480454	GSE314176	mouse	PacBio	4094	8435	125556	8435	0	True	8435	0	0	3119375.0	0	43018	43004	5432	37572	0	3739488.0	0	33696	3070	6924103.0	0	data/isoquant_pacbio/GSE314059/SRR36480454/SRR36480454.transcript_counts.tsv	data/isoquant_pacbio/GSE314059/SRR36480454/SRR36480454.discovered_transcript_counts.tsv	data/isoquant_pacbio/GSE314059/SRR36480454/SRR36480454.gene_counts.tsv
E6.5	OWN_ASE_scONT	mouse	ONT	8908	52660	125556	52660	0	True	52660	0	0	89803199.0	0	68414	68335	36011	32324	0	90321968.0	0	33696	21492	149656004.0	0	data/isoquant/OWN_ASE_scONT/E6.5/E6.5/E6.5.transcript_counts.tsv	data/isoquant/OWN_ASE_scONT/E6.5/E6.5/E6.5.discovered_transcript_counts.tsv	data/isoquant/OWN_ASE_scONT/E6.5/E6.5/E6.5.gene_counts.tsv
E7.5	OWN_ASE_scONT	mouse	ONT	8125	52575	125556	52575	0	True	52575	0	0	90377166.0	0	71655	71576	36110	35466	0	89461092.0	0	33696	21491	151801487.0	0	data/isoquant/OWN_ASE_scONT/E7.5/E7.5/E7.5.transcript_counts.tsv	data/isoquant/OWN_ASE_scONT/E7.5/E7.5/E7.5.discovered_transcript_counts.tsv	data/isoquant/OWN_ASE_scONT/E7.5/E7.5/E7.5.gene_counts.tsv
E8.5	OWN_ASE_scONT	mouse	ONT	10363	51693	125556	51693	0	True	51693	0	0	96119786.0	0	71584	71512	36587	34925	0	94447497.0	0	33696	21229	155623757.0	0	data/isoquant/OWN_ASE_scONT/E8.5/E8.5/E8.5.transcript_counts.tsv	data/isoquant/OWN_ASE_scONT/E8.5/E8.5/E8.5.discovered_transcript_counts.tsv	data/isoquant/OWN_ASE_scONT/E8.5/E8.5/E8.5.gene_counts.tsv
FJ_E6.5	OWN_ASE_scONT	mouse	ONT	10000	52557	125556	52557	0	True	52557	0	0	97732336.0	0	69017	68949	35667	33282	0	100694870.0	0	33696	21251	165548678.0	0	data/isoquant/OWN_ASE_scONT/FJ_E6.5/FJ_E6.5/FJ_E6.5.transcript_counts.tsv	data/isoquant/OWN_ASE_scONT/FJ_E6.5/FJ_E6.5/FJ_E6.5.discovered_transcript_counts.tsv	data/isoquant/OWN_ASE_scONT/FJ_E6.5/FJ_E6.5/FJ_E6.5.gene_counts.tsv
FJ_E7.5	OWN_ASE_scONT	mouse	ONT	13621	56288	125556	56288	0	True	56288	0	0	89806952.0	0	70112	70043	38260	31783	0	94414588.0	0	33696	22330	149903373.0	0	data/isoquant/OWN_ASE_scONT/FJ_E7.5/FJ_E7.5/FJ_E7.5.transcript_counts.tsv	data/isoquant/OWN_ASE_scONT/FJ_E7.5/FJ_E7.5/FJ_E7.5.discovered_transcript_counts.tsv	data/isoquant/OWN_ASE_scONT/FJ_E7.5/FJ_E7.5/FJ_E7.5.gene_counts.tsv
FJ_E8.5	OWN_ASE_scONT	mouse	ONT	17400	57598	125556	57598	0	True	57598	0	0	94700875.0	0	83712	83644	39323	44321	0	102120440.0	0	33696	22958	158570987.0	0	data/isoquant/OWN_ASE_scONT/FJ_E8.5/FJ_E8.5/FJ_E8.5.transcript_counts.tsv	data/isoquant/OWN_ASE_scONT/FJ_E8.5/FJ_E8.5/FJ_E8.5.discovered_transcript_counts.tsv	data/isoquant/OWN_ASE_scONT/FJ_E8.5/FJ_E8.5/FJ_E8.5.gene_counts.tsv
A1	benagen_human_ovary	human	ONT	12650	47671	226005	47671	0	True	47671	0	0	4650422.0	0	58462	58237	33059	25178	0	4832057.0	0	38606	21253	9334986.0	0	data/isoquant/benagen_human_ovary/A1/A1.transcript_counts.tsv	data/isoquant/benagen_human_ovary/A1/A1.discovered_transcript_counts.tsv	data/isoquant/benagen_human_ovary/A1/A1.gene_counts.tsv
Y1	benagen_human_ovary	human	ONT	16271	47065	226005	47065	0	True	47065	0	0	3707970.0	0	59057	58873	32750	26123	0	3985158.0	0	38606	21431	7876080.0	0	data/isoquant/benagen_human_ovary/Y1/Y1.transcript_counts.tsv	data/isoquant/benagen_human_ovary/Y1/Y1.discovered_transcript_counts.tsv	data/isoquant/benagen_human_ovary/Y1/Y1.gene_counts.tsv
benagen_ovary_Young2_ONT	benagen_human_ovary	human	ONT	16576	40556	226005	40556	0	True	40556	0	0	1870650.0	0	58503	58313	27734	30579	0	2522207.0	0	38606	20516	5176710.0	0	data/isoquant/benagen_human_ovary/Young2/Young2.transcript_counts.tsv	data/isoquant/benagen_human_ovary/Young2/Young2.discovered_transcript_counts.tsv	data/isoquant/benagen_human_ovary/Young2/Young2.gene_counts.tsv
